germplasmName,prediction
IL02-18228,2003.0413288780946
IL07-19334,3306.055448635455
IL07-20728,3276.329356944937
IL07-4415,2834.672826161958
IL12-26004,2590.321517860759
IL14-11830,3454.30886171361
IL16-10427,2525.449283286749
IL16-11226,2870.1920824606896
IL16-18648,2504.8932368223295
IL16-21764,3731.448501803683
IL16-22039,3390.8183565704203
IL16-23941,3659.190434171398
IL16-23972,3415.721885912779
IL16-30848,2913.6364865391824
IL16-36048,3385.31452154072
IL16-36176,2795.7717663600292
IL16-36206,2270.357151280334
IL16-36752,3039.562958377731
IL16-8048,3262.236420304678
IL16-8605,2799.1938676992604
IL16-8737,2877.382080551807
IL16LCSDH-01-T-863-10,2140.3432207535047
IL16LCSDH-01-T-863-121,2324.1880977880437
IL16LCSDH-01-T-863-32,2899.9679368037123
IL16LCSDH-01-T-863-5,2065.8023491012614
IL16LCSDH-01-T-863-52,2418.130730655327
IL16LCSDH-01-T-863-58,2612.626873576854
IL16LCSDH-01-T-863-6,2045.9351785944502
IL16LCSDH-01-T-863-63,2852.6558395330953
IL16LCSDH-01-T-863-69,2707.978319532332
IL16LCSDH-01-T-863-72,3340.9100921772865
IL16LCSDH-01-T-863-87,2281.473001444947
IL16LCSDH-02-T-864-20,2142.0530550142585
IL16LCSDH-02-T-864-27,3020.072949861183
IL16LCSDH-02-T-864-37,2631.1490465629595
IL16LCSDH-02-T-864-38,3298.3222991996076
IL16LCSDH-02-T-864-5,2715.8386519134883
IL16LCSDH-02-T-864-59,2996.9483894273344
IL16LCSDH-02-T-864-6,3214.63821733025
IL16LCSDH-02-T-864-8,2742.268340278966
IL16LCSDH-03-T-865-28,3355.2802865479116
IL16LCSDH-03-T-865-35,3333.0400561497686
IL16LCSDH-03-T-865-36,3318.352195404607
IL16LCSDH-03-T-865-40,3449.0034848734517
IL16LCSDH-03-T-865-65,3321.8919833701566
IL16LCSDH-04-T-2659-20,3378.8990292252943
IL16LCSDH-04-T-2659-207,3171.575720448987
IL16LCSDH-04-T-2659-216,3516.003223040289
IL16LCSDH-04-T-2659-225,3532.002889013775
IL16LCSDH-04-T-2659-231,3114.622600383403
IL16LCSDH-04-T-2659-232,4039.595810128575
IL16LCSDH-04-T-2659-3,3246.088150250387
IL16LCSDH-05-T-2660-3,3751.0751296100734
IL16LCSDH-06-T-2661-12,3497.767751953823
IL16LCSDH-06-T-2661-17,3426.7550538173973
IL16LCSDH-06-T-2661-19,2495.640466876561
IL16LCSDH-06-T-2661-202,2545.3329583921513
IL16LCSDH-06-T-2661-206,2827.1279847406663
IL16LCSDH-06-T-2661-212,2999.339819989361
IL16LCSDH-06-T-2661-228,3303.6901803590663
IL16LCSDH-06-T-2661-234,3137.799013930072
IL16LCSDH-06-T-2661-52,2831.9027211741527
IL16LCSDH-06-T-2661-9,3442.833814413704
IL16LCSDH-07-T-2662-201,3814.0733277959716
IL16LCSDH-07-T-2662-202,3636.1180472309916
IL16LCSDH-07-T-2662-203,2823.4210438360733
IL16LCSDH-07-T-2662-21,2904.4798987135064
IL16LCSDH-07-T-2662-222,3340.4616065371865
IL16LCSDH-07-T-2662-225,2943.036756828154
IL16LCSDH-07-T-2662-23,3650.1800932043793
IL16LCSDH-07-T-2662-237,2807.840271173706
IL16LCSDH-07-T-2662-241,3089.4657765445522
IL16LCSDH-07-T-2662-31,2942.8470765762113
IL16LCSDH-07-T-2662-43,3099.32676701871
IL16LCSDH-07-T-2662-47,3506.6279121635453
IL16LCSDH-08-T-2663-55,3313.9521851605386
IL16LCSDH-09-T-2664-16,3249.783461052465
IL16LCSDH-09-T-2664-18,3867.2222864655346
IL16LCSDH-09-T-2664-20,3329.0754577723073
IL16LCSDH-09-T-2664-23,3207.808112191894
IL16LCSDH-09-T-2664-24,3354.7457151439276
IL16LCSDH-09-T-2664-27,3713.920651736745
IL16LCSDH-09-T-2664-28,3364.6617107235534
IL16LCSDH-09-T-2664-30,3361.84153834813
IL16LCSDH-09-T-2664-36,3320.968461493493
IL16LCSDH-09-T-2664-40,3440.3552832361347
IL16LCSDH-09-T-2664-43,3303.6675852333815
IL16LCSDH-10-T-2665-19,3356.9976357428186
IL16LCSDH-10-T-2665-20,3361.6446441268085
IL16LCSDH-10-T-2665-21,2820.4750310628174
IL16LCSDH-10-T-2665-22,2905.7888165538156
IL16LCSDH-10-T-2665-41,3276.148706191637
IL16LCSDH-10-T-2665-42,3234.3848637543265
IL16LCSDH-10-T-2665-52,2910.628173592051
IL16LCSDH-10-T-2665-54,3330.8429458671535
IL16LCSDH-10-T-2665-69,3164.9717683784957
IL16LCSDH-10-T-2665-70,3788.7674613178137
IL16LCSDH-10-T-2665-75,3278.993943806314
IL16LCSDH-10-T-2665-8,2678.09526767584
IL16LCSDH-11-T-2666-206,3955.2424478979246
IL16LCSDH-11-T-2666-208,3587.286404322143
IL16LCSDH-11-T-2666-212,3657.280025221273
IL16LCSDH-11-T-2666-220,3369.422225611867
IL17-10964,2247.918382017725
IL17-12172,2891.0449546090126
IL17-12564,2419.910356749888
IL17-12623,2529.281746226078
IL17-12954,2146.312695130914
IL17-13024,2217.4471839471603
IL17-13938,2666.177695214643
IL17-15352,3027.4893531798216
IL17-15667,2512.258690713138
IL17-17526,2737.48908423424
IL17-17739,3216.7468282328255
IL17-18159,3261.9548112815387
IL17-18176,2834.140974982824
IL17-18320,3251.617505559363
IL17-18529,2115.4359215189174
IL17-18534,2738.3405651706753
IL17-19355,2450.625107858674
IL17-19939,2782.0262198403434
IL17-20035,2773.369648953789
IL17-20346,2988.33318613192
IL17-20426,2729.1102406348277
IL17-20472,2056.909490026057
IL17-21447,3509.6428547398973
IL17-21812,2663.4926216019994
IL17-22168,2599.4403613047834
IL17-23868,2753.3731237557454
IL17-23874,2544.631560906509
IL17-23902,2941.5637216648497
IL17-23904,2773.2679746872836
IL17-23912,2835.205271700918
IL17-24508,2461.650377196937
IL17-24663,2629.1483830017323
IL17-24977,3167.732871404526
IL17-25205,3771.071896965014
IL17-25738,2474.3199846035236
IL17-25927,2667.09017944417
IL17-25930,2551.4165896093346
IL17-26647,3026.315101776474
IL17-26648,2434.1284592066904
IL17-27510,3351.4336555739155
IL17-27649,2839.139594199127
IL17-27660,2769.834985266218
IL17-27914,2786.31981359922
IL17-28445,3274.561136346597
IL17-2920,2815.542008429941
IL17-29513,2662.3090595770495
IL17-29544,3377.2078660454663
IL17-30178,2782.338655047651
IL17-30209,2766.3142064611093
IL17-30219,2722.63873545639
IL17-30322,2630.627046770965
IL17-30333,2726.8565777357658
IL17-30335,1944.9104455861375
IL17-31124,2133.8173741136743
IL17-31229,2399.0323724390346
IL17-31374,2306.078342469103
IL17-31541,2593.6060935178657
IL17-31555,2076.9118085501777
IL17-31616,2722.0990849186333
IL17-5643,3797.4619620995104
IL17-6412,2482.6185899978364
IL17-6863,2305.8228630611984
IL17-7136,2496.6911916989066
IL17-7976,2080.637550533318
IL17-7978,1723.040317202446
IL17-8004,2325.0897867963645
IL17-8057,2329.2954522124355
IL17-8626,3038.8211240844057
IL17-9320,3032.242128073136
IL17-9832,3047.3840661406052
IL18-1010,3433.363694914314
IL18-10212,2960.7548619673516
IL18-10216,2778.704262356364
IL18-10732,2607.8514928584445
IL18-10753,2970.277351497038
IL18-10767,2664.265406666963
IL18-10768,2846.6874824841443
IL18-10915,2727.907103779066
IL18-11122,2910.4770535829166
IL18-11533,2781.3757774544124
IL18-11815,2520.2218808517055
IL18-12001,2603.9417291094005
IL18-12022,2353.286744744075
IL18-12068,2871.7835406447584
IL18-1250,2786.830063806128
IL18-12563,1841.8305176601868
IL18-12610,1901.202443071844
IL18-12627,2560.115509665749
IL18-12756,2333.8597942360634
IL18-12772,2529.238459558391
IL18-12804,2172.934759858134
IL18-12809,2316.1290340591004
IL18-13012,3335.1790963804033
IL18-13061,2615.353216150041
IL18-13117,3394.157257241366
IL18-13372,2583.1390561124144
IL18-13420,2465.2888242874606
IL18-13635,3089.22712537397
IL18-13748,3290.8414011217965
IL18-13756,3340.94229478913
IL18-13765,2815.081691936809
IL18-13852,2913.9338549426698
IL18-13954,3220.331332031435
IL18-13962,3260.061926207479
IL18-13965,2927.403306481835
IL18-14035,3311.3451956765925
IL18-14054,3246.7571358921755
IL18-14141,2944.939016531112
IL18-14209,2395.33431527248
IL18-14238,2506.5012510811916
IL18-14311,2956.8886062473302
IL18-14362,2993.1927778372656
IL18-14363,3048.678508405581
IL18-14524,2187.332288029159
IL18-14532,2441.4722028365995
IL18-14535,2348.580944919316
IL18-14538,2755.3127362381942
IL18-14620,1899.7837693438614
IL18-14905,2467.4042855680223
IL18-14932,2480.367511019065
IL18-15021,2795.640951705808
IL18-15042,2439.9158705989557
IL18-15135,3634.6928357295283
IL18-15157,3325.9034395033536
IL18-15172,3202.18922243222
IL18-15275,2455.0733752313495
IL18-15372,3034.0068731922256
IL18-15708,2609.997432164483
IL18-15716,2437.8490378637703
IL18-1577,2562.5731879639993
IL18-15957,2951.905816132514
IL18-16254,2858.631223526797
IL18-16345,2737.153624412038
IL18-16479,3409.8437247279458
IL18-16828,3271.774038943624
IL18-16837,3526.7609991196814
IL18-17108,2412.502201026783
IL18-17119,2765.3074505441728
IL18-17141,2834.714462222338
IL18-17244,3346.1778204046054
IL18-17905,2520.7431397274772
IL18-19625,3148.3044225934605
IL18-19667,2474.481280135463
IL18-19907,2702.7636166796638
IL18-20729,3070.0793355051323
IL18-20951,3402.242441972198
IL18-21154,3051.400513286103
IL18-22132,2762.1514601945432
IL18-22144,2233.3180725030365
IL18-22750,2901.140256495761
IL18-22767,2710.7859774292015
IL18-22976,3392.8939247963667
IL18-23224,2566.8742609844103
IL18-23760,2955.229366810285
IL18-23779,2927.5328073155188
IL18-24331,3368.1852247133575
IL18-24375,2332.297262405892
IL18-25521,2006.88146830062
IL18-26037,2776.398057655332
IL18-26766,2514.53809126284
IL18-2677,3031.66042356535
IL18-27460,3953.8583414176333
IL18-28930,3300.2589350123885
IL18-28931,3035.5365099752767
IL18-4360,2515.270746353119
IL18-4910,1851.028330071248
IL18-5066,2768.959882421447
IL18-5160,3013.051747207758
IL18-5270,2795.843524272687
IL18-5304,3345.9287556160134
IL18-5737,2989.743542438724
IL18-5837,3155.0892055539866
IL18-6079,2452.5927584658934
IL18-6274,2386.7773941256146
IL18-6551,2491.8252032921046
IL18-6651,2154.48347410007
IL18-6852,2760.359698541676
IL18-6860,2807.1286224260143
IL18-7235,2566.6085596587855
IL18-7320,3017.5908273289747
IL18-7518,2474.079648069146
IL18-7675,2309.3088545746427
IL18-7750,2151.46920509686
IL18-7928,2605.575402564592
IL18-7943,2872.134795651893
IL18-8174,2512.700465187786
IL18-827,3340.728164639676
IL18-8328,1854.38855536421
IL18-8359,2424.622626980941
IL18-842,3068.911291873165
IL18-8632,2797.70585610444
IL18-9009,2858.893587785995
IL18-9035,2955.041902694895
IL18-904,2535.86517689593
IL18-9355,3236.3236978027785
IL18-956,2777.6839616892694
IL18-957,3328.521389080516
IL18-9724,2465.9813269271444
IL18-9949,3926.181845907637
IL18MSFRS-18,3378.220178633088
IL18MSFRS-29,2458.0472732720236
IL18MSFRS-32,3651.0708402903997
IL18MSFRS-36,3075.729982030692
IL18MSFRS-50,3172.891725026635
IL18MSFRS-53,3095.0058792930568
IL18MSFRS-60,3699.864589916858
IL18MSFRS-66,3171.796724344547
IL19-10123,2567.083363227326
IL19-10136,2134.5781499410105
IL19-10141,2418.796627240954
IL19-10142,2564.4311419891756
IL19-10151,2332.2909677077814
IL19-10168,2271.476534976137
IL19-10169,2620.4463719378896
IL19-10173,2231.353077626358
IL19-10236,2386.751002386729
IL19-10259,2517.2691830077433
IL19-10905,2231.145948048771
IL19-11645,3369.5677390117385
IL19-11647,2585.7162301149397
IL19-11770,3213.6614604557744
IL19-11773,3201.672575901349
IL19-11804,2887.076894991367
IL19-12420,2451.491034633072
IL19-12604,3727.5118510411316
IL19-12615,2837.8055691729796
IL19-12622,3299.3900547023504
IL19-12659,3310.0621318794006
IL19-12749,3382.2388776489165
IL19-12830,2567.724792373966
IL19-12849,3346.6673815960576
IL19-12926,3167.8416599036123
IL19-12935,3020.1965836122963
IL19-13048,3525.964655598353
IL19-13414,2991.614159605063
IL19-13430,2818.4874294312845
IL19-13434,2862.0335915685455
IL19-13447,3472.5382128480524
IL19-13451,2643.3559230333003
IL19-13706,2788.7850599194257
IL19-13707,2886.671977876741
IL19-13713,3061.467780764514
IL19-13748,2558.6461556439813
IL19-13752,3109.9531058146054
IL19-13778,2733.260080052564
IL19-13936,3418.7323134305025
IL19-13942,3539.6146892740016
IL19-13961,3138.99144600984
IL19-13965,3192.0472834087777
IL19-13978,2825.671994344645
IL19-14359,2185.634190802164
IL19-14605,2987.7058420839803
IL19-14617,2817.840141849953
IL19-14845,3894.6084422461417
IL19-14856,3249.3542708510236
IL19-14933,3476.996452224842
IL19-15017,2814.303747744082
IL19-15201,2568.006656095549
IL19-15209,2643.7524108090934
IL19-15327,3117.517968300739
IL19-15330,3381.5350836448597
IL19-15338,3324.1547991922007
IL19-15344,2849.736588274538
IL19-15472,2839.3324559527005
IL19-15728,2685.201425261392
IL19-15751,1729.6218061227453
IL19-16059,2104.11922327298
IL19-16064,2134.4556850277245
IL19-16068,2159.8323735695412
IL19-16107,2801.0466171204894
IL19-16129,2306.8402106522053
IL19-16136,2442.829913000953
IL19-16139,2239.22153228824
IL19-16142,1953.1956927430513
IL19-16152,2241.7767452216603
IL19-16176,2405.0351089199703
IL19-16279,2633.5227138926343
IL19-16325,2654.459582389716
IL19-16335,2558.089792403922
IL19-16368,2493.3938000495214
IL19-16848,2393.6258001814285
IL19-16856,2405.969738035708
IL19-16860,2502.2326095007493
IL19-16953,2820.506163144255
IL19-17009,2828.059936719123
IL19-17038,3310.8248007180546
IL19-17041,2832.0797936191607
IL19-17043,3242.5788982110917
IL19-17048,3281.4714395846067
IL19-17051,2990.6602610982773
IL19-17201,2819.7571476165144
IL19-17546,2185.758673689731
IL19-17649,2777.7761134647244
IL19-17662,2729.019384336532
IL19-17813,2703.601295321707
IL19-17815,2318.8056516010547
IL19-17817,2209.2013365090284
IL19-17823,2379.6159553269217
IL19-17828,1920.0386759990063
IL19-17829,1978.2730408213824
IL19-17929,2357.293981186168
IL19-18024,3127.2934724500033
IL19-18141,2798.731477148956
IL19-18151,2665.2791256899804
IL19-18152,2924.1526213327197
IL19-18153,2996.239072422832
IL19-18156,2959.1450293750618
IL19-18157,2899.9509607328455
IL19-18326,2744.5091794189516
IL19-18328,2847.3346968171327
IL19-18725,2259.3169082388195
IL19-18813,3273.402415015704
IL19-18826,2932.993262013787
IL19-18830,3124.1007261653403
IL19-18832,3321.756538595344
IL19-18837,3374.1972872695433
IL19-18905,2504.630125953648
IL19-18938,2403.3099315992504
IL19-18954,3055.085312917317
IL19-18957,2925.0102033891176
IL19-18958,2260.8944196887105
IL19-18972,2678.725853481983
IL19-19146,1842.9713298950549
IL19-19159,2125.78355583362
IL19-19160,2297.8815183928273
IL19-19205,2103.545380226058
IL19-19276,2878.47985109223
IL19-19324,3706.6451702840113
IL19-19327,3258.781848298271
IL19-19341,2873.6295691988967
IL19-19413,2949.849323498125
IL19-20069,2206.92645772154
IL19-20203,2754.7654407246837
IL19-20231,3246.939989345902
IL19-20306,3111.1490234862586
IL19-20311,2866.9102085734303
IL19-20315,3140.1821607573042
IL19-20326,3771.9261890115085
IL19-20337,2627.003530396878
IL19-20342,3188.979587115101
IL19-20348,2300.0872910754974
IL19-20350,3105.527321757747
IL19-20402,3138.0572240787424
IL19-20562,2303.735956448887
IL19-20648,3154.666883735532
IL19-21341,2545.8178976731865
IL19-21360,2276.5791818977073
IL19-21364,2734.4498092733616
IL19-21372,2525.0368046681247
IL19-21425,2878.202041441198
IL19-21445,2966.8002751210047
IL19-21462,3358.8108455902147
IL19-21467,2969.0007176764684
IL19-21556,3244.605562370037
IL19-21559,2351.509253525637
IL19-21570,2611.661750107825
IL19-21574,2861.846214806311
IL19-21575,2570.2107204059407
IL19-21629,2779.3065716576634
IL19-21632,2025.90374111033
IL19-21633,2913.587736948523
IL19-21652,2958.4322621048013
IL19-21717,3346.9106881500916
IL19-21722,2991.4913950339555
IL19-21724,2733.1981755248603
IL19-21731,2707.6748975198707
IL19-21744,2690.8240439761034
IL19-21756,2713.9593224962414
IL19-21760,3107.3124163220746
IL19-21765,2768.080587289303
IL19-21815,2886.9609955813844
IL19-21821,2911.070965801262
IL19-21829,2846.132305715381
IL19-21846,2524.0978273256273
IL19-21848,2986.5234275158846
IL19-21865,2773.2897909188987
IL19-21924,2785.1684176033386
IL19-22105,2392.266303764226
IL19-22112,2756.5620338585495
IL19-22124,2990.2121813856957
IL19-22649,2603.2687064836628
IL19-22665,1668.103258894296
IL19-22741,2574.359081393371
IL19-22742,2511.183237436265
IL19-22744,2513.649734120164
IL19-22757,2830.7540046783565
IL19-22767,2763.652214427158
IL19-22846,2471.0682016122946
IL19-22975,2601.4189540060347
IL19-23012,2885.1808977802434
IL19-23019,2653.060846570587
IL19-23055,3280.673590125307
IL19-23059,3144.7991894053075
IL19-23064,2983.7099521304763
IL19-23069,3126.6775227152307
IL19-23077,2914.8109686529156
IL19-23112,3022.3947026863725
IL19-23246,2310.7605709189534
IL19-23251,2557.580670874526
IL19-23336,2536.7056167798078
IL19-23337,2725.2758717849842
IL19-23350,2233.8450639469015
IL19-23716,2752.886098026527
IL19-23829,3209.0394199104244
IL19-23833,3611.023569015416
IL19-23851,2480.269955608088
IL19-23853,2391.4190782889673
IL19-23855,2309.835155007921
IL19-23871,2103.626193258331
IL19-23904,2649.9932649648476
IL19-23908,2107.2934747880854
IL19-23912,2178.4384674480216
IL19-24047,2961.4653562178405
IL19-24048,2934.983189360831
IL19-24051,3128.955600818783
IL19-24061,2899.712394589913
IL19-24076,3436.7369742590954
IL19-24106,3212.7987972475344
IL19-24170,2633.5181283086395
IL19-24261,2656.200694973327
IL19-24267,2311.833783475028
IL19-24268,2530.1852547039493
IL19-24275,3035.404623738245
IL19-24306,2433.336934472848
IL19-25126,2644.863072884256
IL19-25145,2213.3043433591383
IL19-25162,2688.0299374145607
IL19-25201,2662.471374225802
IL19-25205,2901.168222292114
IL19-25237,2412.3006537613214
IL19-25245,2882.9985467986594
IL19-25322,2432.3695279263493
IL19-25448,2656.7891252340687
IL19-25464,2713.815041527666
IL19-25469,2191.634825379939
IL19-25743,3138.2877086969675
IL19-25764,2656.9102594614023
IL19-26345,2156.8734867081625
IL19-26452,2470.3048795012583
IL19-26456,2590.039926865973
IL19-26709,2865.2405369529947
IL19-27409,2267.993851841011
IL19-27466,2896.6063161837014
IL19-27478,2971.6847183167583
IL19-27565,2502.928498470443
IL19-27722,2057.981691828011
IL19-27910,3543.890538829778
IL19-27944,3022.241413808143
IL19-28147,2904.0578642481437
IL19-3269,2422.9223692284118
IL19-3453,2524.0113984074983
IL19-3462,2918.908952916596
IL19-3502,2479.273297116512
IL19-3505,2698.937158380785
IL19-3510,2428.9463963272883
IL19-3528,2773.61337882145
IL19-3538,3015.751860569126
IL19-3904,2914.8466502635015
IL19-3920,3158.3566140121334
IL19-3926,2886.191051916066
IL19-3937,2256.466211855596
IL19-3943,2426.3603884751283
IL19-3948,3038.051049516529
IL19-4014,2537.8520708260794
IL19-4134,2975.466093029776
IL19-4141,3306.658141849443
IL19-4151,2761.7485857101874
IL19-4176,2964.727354648407
IL19-4224,2888.039256722672
IL19-4236,2430.8945336638903
IL19-4238,2826.9440761627825
IL19-4462,2144.659373519014
IL19-5009,2682.792205993179
IL19-5041,2593.107471975443
IL19-5117,2985.4483371099363
IL19-5122,2343.543881280432
IL19-5152,2825.8720849285337
IL19-5417,2889.0778222262397
IL19-5441,2229.2789514768215
IL19-5466,2091.9854300947873
IL19-5549,2809.349274154179
IL19-5558,2590.5963064615134
IL19-5632,2836.9882640551923
IL19-5637,2269.374994895958
IL19-6113,2522.410241529596
IL19-6308,2133.293646786644
IL19-6532,2450.8536787671474
IL19-6559,2622.109539110807
IL19-6607,3551.005324204148
IL19-6637,3774.2508649310457
IL19-6658,3094.6596818222506
IL19-6704,3047.573645309408
IL19-6946,2836.906209370661
IL19-7252,3077.5434194084937
IL19-7258,2751.9803317155906
IL19-7303,2668.70891363631
IL19-7854,2756.299708101682
IL19-8449,2590.8519810472344
IL19-8477,2506.4930831928486
IL19-8817,3527.530789871157
IL19-8827,3348.8370670878403
IL19-8870,2424.9138047323377
IL19-8871,2646.131868754646
IL19-8909,2526.3678517772946
IL19-8928,3130.670115020811
IL19-9234,2254.116360621455
IL19-9608,2121.2850670246053
IL2021-13707,3230.3385160806683
IL2021-13713,3432.659291036685
IL2021-15134,3636.1219872415445
IL2021-15254,3667.0070876172126
IL2021-16415,4243.056564346743
IL2021-16452,3750.6710779419404
IL2021-16612,3590.3629123728347
IL2021-16676,3141.433280545232
IL2021-16726,3466.6515802825184
IL2021-17475,3917.2001567425477
IL2021-17749,3516.1917769891043
IL2021-17859,3639.197281375815
IL2021-17958,3878.766058045433
IL2021-18451,3458.3510471861314
IL2021-18457,4128.774918408293
IL2021-22113,2974.6001149146905
IL2021-22316,4428.291673334488
IL2021-24143,3594.3242304071655
IL2021-24241,2936.13140908929
IL2021-26834,2946.2390478723237
IL2021-27466,3235.9247759757163
IL2021-28712,2969.7851596521846
IL2021-28801,2882.690004163033
IL2021-32902,3095.9511436265943
IL2021-34113,2619.219810000747
IL2021-35723,2372.5651514212777
IL2021-37737,2344.6003802870036
IL2021-41721,2689.7269156406264
IL2021-44005,3577.080623736314
IL2022-10006,3446.411409246677
IL2022-1005,2471.539715446241
IL2022-10072,3401.9278124203984
IL2022-10131,3722.0085149772985
IL2022-10176,2854.5926952129744
IL2022-10178,3134.978416360605
IL2022-1018,2797.310271109373
IL2022-10212,3382.299699935034
IL2022-10225,2858.4087381760046
IL2022-10232,3896.101933822246
IL2022-10239,3408.671586557046
IL2022-10244,3464.518410895804
IL2022-10260,3844.7840548532895
IL2022-10264,3892.8119917749
IL2022-10310,4134.540805389577
IL2022-10318,4250.740504203528
IL2022-10352,3875.871789069777
IL2022-10377,3687.7435379867434
IL2022-10404,3418.925420443011
IL2022-10405,3332.249398821117
IL2022-10413,3306.842411965502
IL2022-10450,3802.1787415875
IL2022-10460,3706.422557275415
IL2022-10508,2752.025617186181
IL2022-1056,2512.337954777057
IL2022-10577,3464.8662639933773
IL2022-10625,3401.104616819702
IL2022-10648,3159.398234183605
IL2022-10669,3126.7169363490316
IL2022-10703,2850.2122104038176
IL2022-10716,2537.235521830782
IL2022-10744,2868.350880173804
IL2022-10821,3453.9010512797677
IL2022-10829,3518.369854975829
IL2022-10834,3231.5266690198064
IL2022-10837,3026.3098564013876
IL2022-10841,3477.857951264716
IL2022-10948,3153.3961629557834
IL2022-11016,3766.308387899089
IL2022-11020,3048.5846826925244
IL2022-11028,3984.5308019860663
IL2022-11032,3422.98768546565
IL2022-11058,3081.2574409585086
IL2022-11064,3106.0997239252415
IL2022-11109,2941.076048039118
IL2022-11165,3034.8254897963484
IL2022-11205,3107.4655831866294
IL2022-11306,2621.9512008202305
IL2022-11324,2838.9163482431786
IL2022-11331,2972.135437625564
IL2022-11334,3046.8386257529683
IL2022-11337,3100.5842218435114
IL2022-11348,2951.7354923767684
IL2022-11349,3107.215701143956
IL2022-11443,3007.7475430545837
IL2022-11457,3211.9153462302074
IL2022-11462,2729.982552216664
IL2022-11465,2541.5270438303314
IL2022-11469,2891.4857837149825
IL2022-11508,2208.964638759452
IL2022-11520,2649.2557808662364
IL2022-11527,3220.7641914802402
IL2022-11535,2852.778876503459
IL2022-11561,2716.127845174087
IL2022-11566,2534.2346982416584
IL2022-11571,2283.1975367018213
IL2022-11621,3041.0283383146048
IL2022-11669,2841.3780155484487
IL2022-11724,2632.4520410732703
IL2022-11816,3104.5475161242575
IL2022-11818,2319.221551497102
IL2022-11828,2743.682173975754
IL2022-11908,2241.865736568225
IL2022-11918,3441.1831384505763
IL2022-11938,2459.978677310375
IL2022-11971,3580.2616988040822
IL2022-120,3044.2029120809384
IL2022-12028,3207.0693329421083
IL2022-12030,2466.095274545244
IL2022-12034,3344.955638039196
IL2022-12044,2915.6309199097345
IL2022-12047,2639.300101835484
IL2022-12064,3018.043395650859
IL2022-12067,3007.267921803654
IL2022-12079,2853.243209718555
IL2022-12112,2854.1285437273564
IL2022-12170,2185.7182220293507
IL2022-12203,2277.4564071021186
IL2022-1224,2657.700870486036
IL2022-12263,2854.5932845554357
IL2022-12347,2777.8034250662977
IL2022-12349,2929.4367948653394
IL2022-12353,3153.7460883276763
IL2022-12364,2950.10169509296
IL2022-12417,3059.8714194653185
IL2022-12621,2348.5860368775925
IL2022-12637,2356.776543836011
IL2022-12644,2124.720136640356
IL2022-12650,3108.017852366503
IL2022-12654,2508.924987614494
IL2022-12702,3106.7441616750584
IL2022-12713,3001.3998576100284
IL2022-12728,3581.522234801719
IL2022-12730,3043.4259148666315
IL2022-12753,3296.7928069624986
IL2022-12832,3255.4234103213694
IL2022-12879,3749.0906673980676
IL2022-12903,3863.9451713288913
IL2022-12920,3448.970358372653
IL2022-12926,3280.5059977540573
IL2022-12929,3641.593050967507
IL2022-12933,3090.4236450039284
IL2022-12935,4215.471454571353
IL2022-12949,2792.6388080934953
IL2022-13016,2727.7193385924375
IL2022-13050,3275.252519891094
IL2022-13055,2900.2810777717705
IL2022-13060,3049.2638016198584
IL2022-13113,3038.652917280814
IL2022-1312,2599.409025775886
IL2022-13138,3020.6476338149014
IL2022-13149,3266.757672937039
IL2022-13172,3296.963713073494
IL2022-13243,2341.3215622069397
IL2022-13361,3642.0025022832087
IL2022-13428,3572.318232421867
IL2022-13476,3547.996357133249
IL2022-13512,3752.31341969906
IL2022-13524,3500.7730381229653
IL2022-13548,3011.573205612123
IL2022-13554,2934.757862166938
IL2022-13558,2719.952037932273
IL2022-13572,2409.6433627731076
IL2022-13604,2665.566970510841
IL2022-13608,2353.1005192986663
IL2022-13732,2972.179509645147
IL2022-13738,3251.0931647362004
IL2022-13739,2734.826953370682
IL2022-13746,2715.2258908977524
IL2022-13751,3264.0380366097097
IL2022-13756,3001.6407293271623
IL2022-13771,3190.6290672834493
IL2022-13776,3815.034452522828
IL2022-13824,3587.6764449286866
IL2022-13835,3144.08200385913
IL2022-13869,3312.8354233939604
IL2022-13912,3319.928541025985
IL2022-13915,3385.3966718617166
IL2022-13939,3395.183922986628
IL2022-13959,3183.935769048903
IL2022-14012,2670.399101343099
IL2022-14110,3028.776877623007
IL2022-14119,2673.8169081109522
IL2022-14137,3356.109294990834
IL2022-14172,2701.275284785935
IL2022-14223,3016.2820121818468
IL2022-14232,3040.5810121949585
IL2022-14264,2746.525900701848
IL2022-14268,2809.250137893433
IL2022-14271,2857.2395610966914
IL2022-14306,1898.5862283697745
IL2022-14315,2277.286428460528
IL2022-14320,2279.667725269135
IL2022-14347,2033.471262254392
IL2022-14361,2493.274165664894
IL2022-14401,3265.258564033581
IL2022-14421,2822.37101083819
IL2022-14575,3756.9830269381646
IL2022-1464,2644.036596508789
IL2022-14756,3405.133428501919
IL2022-14804,3689.8628040054446
IL2022-14832,2254.6604729738724
IL2022-14846,2971.943669099072
IL2022-14871,2147.683329692246
IL2022-14912,2597.228382364115
IL2022-14924,2533.429390809626
IL2022-14944,2773.321002723632
IL2022-14945,2633.096520426412
IL2022-14949,2350.8341065755403
IL2022-15005,2745.4719591488297
IL2022-15017,2659.308675829662
IL2022-15028,2492.2030148844
IL2022-15043,2467.1969118579527
IL2022-15074,3162.385031380851
IL2022-15108,2710.673663160562
IL2022-15115,2740.144179592725
IL2022-15148,2669.742269658224
IL2022-15151,3492.63868773636
IL2022-15167,2601.449670516601
IL2022-15174,2074.5528723057064
IL2022-15179,2954.9283750178984
IL2022-1521,2612.66408004157
IL2022-15227,2306.689480272861
IL2022-15320,2940.4643587636183
IL2022-15360,2207.1397447231047
IL2022-1541,2565.331221086672
IL2022-15419,2719.399686699111
IL2022-15423,2639.1915011277574
IL2022-15425,2968.1443526881603
IL2022-15471,2783.4874261997334
IL2022-15515,2598.452502377574
IL2022-15520,3418.9180013158248
IL2022-15524,3573.4975496771003
IL2022-15526,3101.061111153618
IL2022-15539,3423.783345402336
IL2022-15550,3048.943136799768
IL2022-15564,3040.4333182471137
IL2022-15578,3225.282634677486
IL2022-15602,2980.292754675164
IL2022-15615,3133.0475113442994
IL2022-15630,3243.0328020187567
IL2022-1570,3150.99675240454
IL2022-15703,3673.8428241769457
IL2022-15708,4050.36247891408
IL2022-15711,3975.461932234883
IL2022-15713,4260.84594080995
IL2022-15717,4158.926058292673
IL2022-15733,3872.075287969584
IL2022-15743,3857.8316195191746
IL2022-15751,3904.6675905849725
IL2022-15760,4447.787400209767
IL2022-15767,4249.142223040855
IL2022-15776,4207.231656135001
IL2022-15779,3860.9939627364547
IL2022-15802,4010.2962888417833
IL2022-15944,3236.364304821982
IL2022-15947,2735.5636845839663
IL2022-15961,3746.82298121441
IL2022-15968,2765.7121047232545
IL2022-16032,3307.276112394387
IL2022-16171,3186.579872807188
IL2022-16201,2845.3817738806715
IL2022-16308,2933.0340490985473
IL2022-16344,2254.4163829167765
IL2022-16348,2323.10354831323
IL2022-16374,2995.4385908091817
IL2022-16411,3161.6361559429906
IL2022-16436,3470.583180532541
IL2022-1645,3295.22370694852
IL2022-16451,3917.91982228321
IL2022-16454,2964.9972505009105
IL2022-16516,2886.504862800023
IL2022-16525,2781.2557520189794
IL2022-16557,2016.3854536936165
IL2022-16561,2256.0231080205167
IL2022-16566,2372.062043229488
IL2022-16572,2222.5846854937377
IL2022-16613,2435.086204075602
IL2022-16617,2405.094885371168
IL2022-16620,2304.1995346733584
IL2022-16720,3228.48901356001
IL2022-16725,3469.688504663165
IL2022-16748,2590.9662758038826
IL2022-1675,3340.2675429098613
IL2022-16756,2688.038890778681
IL2022-16777,2564.7950871426
IL2022-16849,2090.9835925105726
IL2022-16865,2583.8466800321244
IL2022-16870,2726.630956814841
IL2022-16961,3892.3706730937624
IL2022-16979,4103.92574444976
IL2022-17009,3800.4769891308133
IL2022-1701,3050.2496810573857
IL2022-17011,3840.368222080913
IL2022-17014,3282.6879477078146
IL2022-17039,2987.7201458772342
IL2022-17063,3079.3213670417344
IL2022-17066,3831.4933869375814
IL2022-17103,3655.367794057373
IL2022-17137,3633.531806558328
IL2022-17148,3581.988351198895
IL2022-17152,4145.769481982357
IL2022-17208,3795.0309104370235
IL2022-17228,3537.213142383158
IL2022-17244,3053.5677570072394
IL2022-17322,3154.066730131083
IL2022-17329,2533.4791762953955
IL2022-17337,2639.4726162887646
IL2022-17346,3212.0519396124855
IL2022-17452,2161.313909749379
IL2022-17471,3023.6962142204593
IL2022-17507,3395.7990601769197
IL2022-17575,3101.5718442529887
IL2022-17620,2862.2630656254596
IL2022-17621,2951.67012864424
IL2022-17624,3190.1185478402163
IL2022-17625,3707.0822423721593
IL2022-17664,2370.6662837447075
IL2022-17769,2987.0538379822506
IL2022-17816,3136.359596011586
IL2022-17844,2583.019637334918
IL2022-17861,2811.0627453160487
IL2022-17869,3779.528161457855
IL2022-17929,3512.648823174393
IL2022-17934,3112.348980995882
IL2022-17935,3793.8874844149186
IL2022-18009,4150.258246681156
IL2022-18037,3910.2884857743206
IL2022-18049,3794.799109184109
IL2022-1806,2521.9547281396967
IL2022-18061,2525.525639025284
IL2022-18101,2503.7872574845956
IL2022-18139,2778.7500634966646
IL2022-1816,3002.345958613552
IL2022-1829,2969.785802573021
IL2022-1834,2374.069167945102
IL2022-18345,3156.43619468403
IL2022-18377,2803.4946179768413
IL2022-18573,2319.4337600663425
IL2022-18613,2105.2967397532057
IL2022-18736,2721.0339301107088
IL2022-18751,3005.641140248601
IL2022-18755,3308.2743043251567
IL2022-18763,3189.255891555375
IL2022-18768,3119.985422429258
IL2022-18769,3008.9509798845024
IL2022-18772,3220.80521036608
IL2022-18801,3432.667422242841
IL2022-18811,3165.0030331165117
IL2022-18820,3302.6278526986034
IL2022-18868,3208.108155547953
IL2022-18869,3211.497143369881
IL2022-18908,2943.699379957399
IL2022-18929,2464.7067750908773
IL2022-18954,3158.0861074431186
IL2022-19036,2598.2882669598766
IL2022-19043,2675.9722454850644
IL2022-1906,2614.345793485799
IL2022-19116,2409.7511759257372
IL2022-19142,3350.9572380628147
IL2022-19160,2525.3463765926317
IL2022-19169,3533.585223875864
IL2022-19216,2772.6120880749922
IL2022-19249,2978.6339906321955
IL2022-19268,2848.9151470634793
IL2022-19278,2593.6585818615845
IL2022-19302,2914.807529965985
IL2022-19306,2772.091473227355
IL2022-19422,3196.5952197262077
IL2022-19442,2741.6551817191494
IL2022-19446,3214.00112569885
IL2022-19456,3431.8368475405946
IL2022-19457,3310.340986556441
IL2022-19470,2315.242412874586
IL2022-19508,2630.406892007423
IL2022-19520,2528.0146414355254
IL2022-19528,2602.175001498089
IL2022-19531,2586.751202224541
IL2022-19539,2829.3801306000983
IL2022-19542,2679.5208441350896
IL2022-19572,2895.393520211735
IL2022-19749,2470.314542942906
IL2022-19766,2679.5261334191896
IL2022-19769,2106.1909601273305
IL2022-19777,2812.629430611628
IL2022-19803,3154.4003309604573
IL2022-19869,2620.8689511365833
IL2022-19879,2459.0068002679345
IL2022-19921,2767.2147016074355
IL2022-19927,2360.199001302832
IL2022-19937,2527.8572808184445
IL2022-19944,2502.2537811213847
IL2022-20026,2420.4114027575392
IL2022-20076,3228.9485160065447
IL2022-20122,2926.6466767771826
IL2022-20155,3376.879853506498
IL2022-20165,3215.1599246079286
IL2022-20179,3522.621649620541
IL2022-20264,2684.226587455065
IL2022-20305,3218.706019119755
IL2022-20314,2860.8811580441243
IL2022-20325,2807.564018343712
IL2022-20401,2476.4563770975997
IL2022-20420,2526.92828752318
IL2022-20421,2910.8171056699953
IL2022-20424,2903.9726469530374
IL2022-20427,2766.9532526495263
IL2022-20435,2751.3759728141245
IL2022-20441,2398.114425636516
IL2022-20504,2540.1916133492373
IL2022-20509,2494.178404176416
IL2022-20670,2566.1581465391196
IL2022-2068,2939.2272113229037
IL2022-20730,3180.237058579135
IL2022-20741,2822.32845878592
IL2022-20744,3035.5650167426293
IL2022-20830,3627.509779024944
IL2022-20844,4088.240884057221
IL2022-20874,3499.649442280609
IL2022-20953,2163.625482623945
IL2022-20959,2182.9226142241478
IL2022-21008,2991.711987873002
IL2022-21018,2491.795822403925
IL2022-21128,2614.557606033161
IL2022-21130,2639.294104710438
IL2022-21133,2556.8373127174937
IL2022-21211,3141.0544477538124
IL2022-21238,3340.9271895264255
IL2022-21272,2735.709632352401
IL2022-21310,3500.5135871423363
IL2022-21312,3237.9879089545357
IL2022-21348,2602.212064824113
IL2022-21528,3185.240301972517
IL2022-21535,3304.356104141153
IL2022-21538,3124.281857118131
IL2022-2156,2850.0271933504123
IL2022-2157,2917.1418092679965
IL2022-21618,2953.157771767823
IL2022-21629,3156.0697441564735
IL2022-21633,2737.59009884373
IL2022-21643,3489.456313958697
IL2022-21666,2998.762806019377
IL2022-21673,2687.1362202427654
IL2022-21754,2270.0235381244643
IL2022-21758,3262.0701726743414
IL2022-21774,2784.8021928514477
IL2022-21804,3397.209996180145
IL2022-21879,3920.5474489594144
IL2022-21937,1885.0278022139219
IL2022-21974,2699.3065059433266
IL2022-22012,2678.689864480259
IL2022-2202,2729.1993228382917
IL2022-22021,2333.705480423605
IL2022-22035,2928.5296775843212
IL2022-22045,3194.003294590098
IL2022-2206,2678.7024298537526
IL2022-22078,2618.4933393859696
IL2022-22115,2945.5999160095125
IL2022-22124,2780.5635222601204
IL2022-22142,3053.1492633322355
IL2022-22145,2791.733743514393
IL2022-22147,3055.986495495844
IL2022-22150,2951.6013122929185
IL2022-22210,2859.761789797958
IL2022-22222,2781.2752954226626
IL2022-22257,3178.2439866836535
IL2022-22335,2676.2665808228794
IL2022-22341,2933.94930988264
IL2022-22416,2789.9764306061234
IL2022-22458,3355.7626634437156
IL2022-22472,3567.168790242245
IL2022-22508,2864.0811292603403
IL2022-22525,3333.310871422874
IL2022-22527,3202.3424304246278
IL2022-2254,2518.464723510872
IL2022-22541,3775.703583294945
IL2022-22556,3204.53616566391
IL2022-22603,2903.693591728597
IL2022-22609,2939.9546914969605
IL2022-22629,3113.6151004533226
IL2022-22637,3891.932732987002
IL2022-22651,3124.0614790860777
IL2022-22670,3200.4085573213097
IL2022-2270,3041.4103863825644
IL2022-22770,2679.491044453237
IL2022-22771,2522.27115684176
IL2022-22774,3270.2969055027875
IL2022-22812,2820.790283027756
IL2022-22816,3138.268021187069
IL2022-22870,3396.506162633451
IL2022-22930,2722.8004589482903
IL2022-23037,2793.7392443144145
IL2022-23101,3385.4564294089414
IL2022-2320,2776.357647641175
IL2022-23204,2442.1039956525974
IL2022-23207,2363.032323969226
IL2022-23210,2509.98465725576
IL2022-23224,2176.8734254524234
IL2022-2324,3627.038350547349
IL2022-23246,2681.7554248692622
IL2022-23259,2890.3199079594156
IL2022-23305,2531.6793468522083
IL2022-23316,3001.9931958895286
IL2022-23344,2732.048436697334
IL2022-23362,3313.6984539795403
IL2022-2339,3015.2758310415106
IL2022-23424,3421.698008260388
IL2022-23425,3459.441041174235
IL2022-23473,2834.0311114443725
IL2022-23516,3023.200890309588
IL2022-23524,2776.944705242866
IL2022-23531,2811.0207061859396
IL2022-23625,2995.846011178853
IL2022-23677,3013.5609024067744
IL2022-23823,2957.257622063013
IL2022-23979,2551.2291052940323
IL2022-24032,2830.1976440552326
IL2022-24039,3453.1850191616322
IL2022-24058,3233.276647766492
IL2022-24061,3269.640371410644
IL2022-24102,3292.5319929951957
IL2022-24110,1901.2690414483257
IL2022-2412,3273.277683383362
IL2022-24144,2661.4092830658847
IL2022-24151,2717.9677887775447
IL2022-24171,2652.5675123547626
IL2022-2503,3011.424732984864
IL2022-2511,3158.7546667885044
IL2022-2514,3193.5502184688735
IL2022-2535,2105.6505748920836
IL2022-2544,2603.2133006392687
IL2022-2604,3459.0737218231097
IL2022-2616,3192.5077323151827
IL2022-2654,3003.6143168760964
IL2022-2704,2974.641474260502
IL2022-2749,3537.6827324112646
IL2022-2920,3357.4380328574084
IL2022-2922,3514.8690123849824
IL2022-2933,3390.1445182996554
IL2022-2937,3346.9800200458803
IL2022-3013,2911.798048274083
IL2022-3033,2924.1601749830356
IL2022-3075,3355.769702847142
IL2022-310,3363.3269923511384
IL2022-3110,3209.0523967637505
IL2022-3117,2920.2705214409425
IL2022-3177,3485.3777035176217
IL2022-3228,2606.5260633014827
IL2022-3242,3078.761650411522
IL2022-3262,3237.5518445074263
IL2022-3277,3080.6811077720527
IL2022-3306,2682.86762228698
IL2022-3320,2887.9050236588782
IL2022-3333,2293.365320908109
IL2022-3345,2698.596279420911
IL2022-3418,3178.6100949315846
IL2022-3421,3353.0902767909834
IL2022-3429,3318.4593556202194
IL2022-3439,3227.8115188695856
IL2022-345,3331.4706450433637
IL2022-3450,3798.1222970853696
IL2022-3463,2820.259204533385
IL2022-3465,3300.770351791877
IL2022-3476,3202.8446048840183
IL2022-3544,2650.7004418334573
IL2022-3611,2949.1451376429345
IL2022-3705,2787.9323716011763
IL2022-3708,2553.868993434518
IL2022-3720,2240.3699651501424
IL2022-3724,2395.9345319722224
IL2022-3736,2624.1127490483077
IL2022-3746,2198.313154050414
IL2022-3818,1943.028689485502
IL2022-3822,2393.2179510408814
IL2022-3837,2333.840313781674
IL2022-3862,2966.963633473847
IL2022-3866,2431.413386541446
IL2022-3950,2096.338830254258
IL2022-3976,3063.3565261484646
IL2022-4032,2519.3814362925946
IL2022-4044,3659.454699785249
IL2022-4054,3898.842948360605
IL2022-4061,3650.284957091701
IL2022-4078,3404.5074366199055
IL2022-4127,3394.384295467014
IL2022-414,2618.9222248405968
IL2022-4145,3670.1576480546146
IL2022-4148,2903.0515176141457
IL2022-4154,3436.10152784413
IL2022-4220,2574.1592178503347
IL2022-4224,3697.486399348159
IL2022-4228,2676.677455262798
IL2022-4232,2627.687282624056
IL2022-4237,2661.3950129485793
IL2022-4424,3555.5567550339147
IL2022-4441,3204.178328083422
IL2022-4524,3585.1550987148216
IL2022-4532,2507.406842633745
IL2022-457,3048.4246330752435
IL2022-460,3065.377865761103
IL2022-4643,2381.86120222369
IL2022-465,3352.8983565447093
IL2022-469,2841.848969445177
IL2022-473,2548.055565716561
IL2022-4739,3603.286453140568
IL2022-4778,3256.2509813569286
IL2022-4779,3757.805097869003
IL2022-479,2659.4141634067164
IL2022-4839,2624.548142770802
IL2022-4969,3363.3121726549225
IL2022-505,3123.917387404543
IL2022-5060,3783.679265225004
IL2022-509,3869.731308362215
IL2022-5101,2549.994066230206
IL2022-516,2841.29505002895
IL2022-5167,2485.6092493363167
IL2022-520,3630.529211250623
IL2022-5203,2829.374370292904
IL2022-5210,2511.2961802386963
IL2022-523,3418.3123337886896
IL2022-5235,2587.0230953431364
IL2022-526,2331.8774194559314
IL2022-5263,3340.4503091188417
IL2022-5278,3092.2154922980603
IL2022-5305,3339.3611472497
IL2022-5308,3691.360804453264
IL2022-5312,3141.531505481511
IL2022-5325,2544.6906157573117
IL2022-534,2938.284290406094
IL2022-5359,3085.7325341048972
IL2022-5408,2451.6415980481556
IL2022-5517,3731.111219668502
IL2022-5522,3332.087037821817
IL2022-5528,3059.557663887298
IL2022-5537,3242.0119193558726
IL2022-5542,3497.6158100920284
IL2022-5543,3458.9438866133487
IL2022-5545,3696.8942415647216
IL2022-5551,3009.3712914876
IL2022-5571,3112.1274910126835
IL2022-5578,3244.8630888285265
IL2022-560,2701.3714318901666
IL2022-5607,3496.033556083043
IL2022-561,2429.2543971288787
IL2022-5610,3571.9552967698023
IL2022-5617,3419.114449581662
IL2022-5620,3584.7308176761635
IL2022-5635,2556.9812806762925
IL2022-5643,2734.184881037864
IL2022-568,2925.6235239360717
IL2022-5744,2360.1962430576873
IL2022-5765,2379.0983315510844
IL2022-5805,2320.609675437415
IL2022-5834,3494.773640871559
IL2022-5838,3708.9564365322776
IL2022-5841,3876.0387284261865
IL2022-5851,4572.462919983294
IL2022-5853,4067.264128129622
IL2022-5862,3320.5705668116284
IL2022-5876,3403.183406050784
IL2022-5938,3378.5389664821405
IL2022-5944,3472.607127192433
IL2022-5948,3417.4504275326285
IL2022-6018,3587.863200223841
IL2022-6043,3467.606899075764
IL2022-6047,2907.233809545193
IL2022-6136,3518.553764670133
IL2022-6142,3413.9886551868035
IL2022-6160,3376.336282312229
IL2022-6161,3021.594406016589
IL2022-6278,2197.1362242367513
IL2022-631,2758.61183719174
IL2022-6330,3044.8485513392156
IL2022-6378,3680.5056602913305
IL2022-6407,3561.719919472601
IL2022-641,2368.5902136533086
IL2022-6423,3081.6709266018474
IL2022-643,2088.6870954360684
IL2022-6437,3507.6615078233613
IL2022-6476,2952.2937541030788
IL2022-6537,2926.073784331938
IL2022-6702,2750.396172979298
IL2022-6714,3405.050589874948
IL2022-6726,3282.379923695773
IL2022-6748,3537.1372503783878
IL2022-6774,3325.6668517465264
IL2022-6832,3007.7531759366398
IL2022-6839,2838.418489338483
IL2022-6841,3196.4598896257507
IL2022-6862,3040.4768207185552
IL2022-6866,3271.9786467001004
IL2022-6973,2146.715502240646
IL2022-7044,3272.1959924813973
IL2022-7048,3163.059637589678
IL2022-7049,3081.2901593617444
IL2022-7058,2756.980357733113
IL2022-7060,3106.0117795742813
IL2022-7065,3281.4752628692377
IL2022-7077,3148.9713596307984
IL2022-7104,3424.6980373177785
IL2022-7106,3598.875224067283
IL2022-7108,3338.0295838123156
IL2022-7109,3458.215959044146
IL2022-7110,3629.660620134583
IL2022-714,2819.5578019035975
IL2022-7163,3909.5203588790146
IL2022-7169,3362.5587682351816
IL2022-7172,2815.9856163022628
IL2022-7174,3339.5769458333934
IL2022-720,2420.537587382557
IL2022-7264,2813.6921171768818
IL2022-7266,2777.4019186753417
IL2022-7274,2885.6222914465448
IL2022-7329,2611.8117706180274
IL2022-7334,2844.330930663127
IL2022-7342,2414.8418945465846
IL2022-7366,3270.6886843428138
IL2022-7368,2643.708865498801
IL2022-7415,2377.8058958420643
IL2022-7448,3909.432190000402
IL2022-7456,3400.109532114941
IL2022-7476,3011.769633498284
IL2022-7562,2537.7833207293734
IL2022-7565,2368.832430679243
IL2022-7572,2151.5433732397214
IL2022-7627,3091.0792607414387
IL2022-7634,2981.4077418217357
IL2022-7673,3042.015759735679
IL2022-7709,2875.0945926925137
IL2022-7720,2690.6166620954136
IL2022-7733,2690.754845021841
IL2022-7736,2503.390753090375
IL2022-774,2866.525991861403
IL2022-7806,2778.2311747525177
IL2022-7819,2240.2237049027735
IL2022-7836,2799.111616314042
IL2022-7864,1994.0352503716151
IL2022-7876,2487.649252060932
IL2022-7918,2563.990596604562
IL2022-7929,2547.0787010358495
IL2022-7958,2852.8139503036864
IL2022-7966,2857.851175002165
IL2022-7972,3316.6927197249843
IL2022-8016,3835.8812033626755
IL2022-8024,2930.950349779979
IL2022-8033,2940.3913363562733
IL2022-8052,2930.5220046311197
IL2022-8061,2641.870230609716
IL2022-8068,3042.477075148828
IL2022-8079,2901.857311696888
IL2022-8120,2690.152017737843
IL2022-8136,2793.368171171772
IL2022-8152,2397.4141522995033
IL2022-8153,2204.6026239269113
IL2022-8157,3249.5925479672364
IL2022-8161,3076.9096993154226
IL2022-8204,3869.3958928877482
IL2022-8433,3042.9783217701843
IL2022-8441,3590.145090065157
IL2022-8453,3462.851071152212
IL2022-8460,2940.1630097633324
IL2022-8518,2806.569274862775
IL2022-8553,1811.833462748872
IL2022-8578,2809.7259515580463
IL2022-8613,3368.730235650204
IL2022-8616,3434.0304664182304
IL2022-8654,3604.9945279066956
IL2022-8658,3014.1527671424
IL2022-8667,3538.305793548482
IL2022-8676,3565.1238240358484
IL2022-8715,2892.2163022389122
IL2022-8748,2457.0171885271434
IL2022-8749,2703.7516492865843
IL2022-8921,3401.5285335656963
IL2022-8965,3102.681105504205
IL2022-9003,3268.4293828218642
IL2022-9016,3120.3544386403464
IL2022-9055,2929.247239502394
IL2022-9058,3113.9809968702552
IL2022-9072,3216.0933816100137
IL2022-9116,2970.854188521504
IL2022-9133,2980.349144760063
IL2022-9156,2829.1196483564786
IL2022-9176,3442.354672498254
IL2022-9178,3526.219539236812
IL2022-9209,3355.538679733821
IL2022-9223,2680.8079096128727
IL2022-9272,3035.3383065695275
IL2022-9352,2980.6490997227384
IL2022-941,2489.5382206308163
IL2022-9457,2572.2772033844144
IL2022-9460,3092.228120816036
IL2022-9465,2491.1030127800377
IL2022-9468,2660.743848075066
IL2022-9472,3226.478544817147
IL2022-9474,3289.8373659102417
IL2022-9534,2236.511747891909
IL2022-9537,2629.25707778265
IL2022-9542,2874.8815816463025
IL2022-9547,2581.4728601373754
IL2022-9576,2770.693803199217
IL2022-9609,3168.022294881264
IL2022-9624,2660.223201263741
IL2022-9630,3049.9991992795894
IL2022-9712,2445.845905160046
IL2022-9743,2328.663434095688
IL2022-9803,3464.2711248859105
IL2022-9808,3761.204311211835
IL2022-9837,4098.136128749479
IL2022-9861,2852.8972948590003
IL2022-9864,2653.666673541551
IL2022-9874,3041.870264830816
IL2022-9877,2616.2984836857586
IL2022-9906,2809.851697688107
IL2022-9913,2828.1729194901463
IL2022-9929,3356.588386858998
IL2022-9944,2599.815987278579
IL2022-9948,2471.792838543671
IL2022F3S-21701,2909.2353326339653
IL2022F3S-21704,3493.8489747593235
IL2022F3S-21706,3339.41472208418
IL2022F3S-21804,2344.759103576173
IL2022F3S-21903,2508.2564594514633
IL2022F3S-21905,2578.805887049435
IL2022F3S-21907,2281.952210538344
IL2022F3S-22101,2389.468406197207
IL2022F3S-22102,2729.34781538264
IL2022F3S-22103,2751.069174839865
IL2022F3S-22104,2731.9753631846283
IL2022F3S-22105,2608.8231701962054
IL2022F3S-22201,2959.8746144010624
IL2022F3S-22202,3282.1522889619555
IL2022F3S-22203,2696.6365481699595
IL2022F3S-22301,2900.394833522359
IL2022F3S-22401,2921.577585599569
IL2022F3S-22501,2765.8284596809963
IL2022F3S-22502,2859.4742345473187
IL2022F3S-22601,3167.440071522039
IL2022F3S-22602,3388.339106466475
IL2022F3S-22603,3044.384043117622
IL2022F3S-22702,2854.759047477764
IL2022F3S-22703,2886.4851025501944
IL2022F3S-22705,3518.0372139679425
IL2022F3S-22901,3184.174500423356
IL2022F3S-22902,2897.782897753624
IL2022F3S-22904,3283.2525641194247
IL2022F3S-23203,2868.956530060956
IL2022F3S-23401,2927.084923542177
IL2022F3S-23402,2794.049419051066
IL2022F3S-23501,2722.7251948613357
IL2022F3S-23601,2353.504886935737
IL2022F3S-23701,2828.6312583982663
IL2022F3S-23702,2324.8402169268966
IL2022F3S-23901,2785.5205216445306
IL2022F3S-24203,2489.2426981416347
IL2022F3S-24204,2666.224803651241
IL2022F3S-24302,2609.758172786655
IL2022F3S-24402,2478.531305506517
IL2022F3S-24501,3032.3117416170912
IL2022F3S-24502,3287.2398231608568
IL2022F3S-24503,2662.3544315113463
IL2022F4S-10002,3153.5237721348894
IL2022F4S-10004,2585.335304873947
IL2022F4S-1002,3014.885704589736
IL2022F4S-10102,2615.2665020712493
IL2022F4S-10103,2508.358159094719
IL2022F4S-10104,2200.4881956744025
IL2022F4S-10105,2756.782246736447
IL2022F4S-10201,2598.8182365437724
IL2022F4S-10202,2966.1766506269228
IL2022F4S-10203,3249.7843276076665
IL2022F4S-10204,3542.6402705159962
IL2022F4S-10205,2995.8677442955086
IL2022F4S-10301,2924.144066479092
IL2022F4S-10304,2452.0782556753356
IL2022F4S-10401,2510.1277253597355
IL2022F4S-10402,2768.645619079596
IL2022F4S-10502,3020.918222104995
IL2022F4S-10601,2406.639679569163
IL2022F4S-10602,2793.7537734281987
IL2022F4S-10603,2675.024381985976
IL2022F4S-10604,2774.5719123073723
IL2022F4S-10701,3168.1357215902653
IL2022F4S-10702,2569.0216818374142
IL2022F4S-10704,3340.423849168189
IL2022F4S-10705,2974.848239819762
IL2022F4S-10901,2756.817443030376
IL2022F4S-10902,2768.5363276829394
IL2022F4S-10903,2824.924168593836
IL2022F4S-10905,3014.4091994174714
IL2022F4S-11001,3228.953626135424
IL2022F4S-11002,2148.0120560207843
IL2022F4S-11003,3117.126172942776
IL2022F4S-1102,2823.7162829254326
IL2022F4S-11202,3022.8134751744756
IL2022F4S-11203,3127.3312396118577
IL2022F4S-11204,2952.715388233546
IL2022F4S-11205,2747.794814140143
IL2022F4S-11301,3116.40807880399
IL2022F4S-11302,2553.1848502094686
IL2022F4S-11303,2577.5581135944717
IL2022F4S-11304,2649.3768556560512
IL2022F4S-11502,2868.7829040246984
IL2022F4S-11503,2559.854918618648
IL2022F4S-11505,2461.318639837846
IL2022F4S-11506,2460.2795233494553
IL2022F4S-11507,2388.7793357651585
IL2022F4S-11508,2563.828733917678
IL2022F4S-11602,2509.361541400228
IL2022F4S-11603,2393.295025398873
IL2022F4S-11701,2654.026048510818
IL2022F4S-11703,2323.415601562204
IL2022F4S-11704,2731.1580638858486
IL2022F4S-11706,2426.7495726598045
IL2022F4S-11801,2594.892435247176
IL2022F4S-11802,2780.229353930602
IL2022F4S-11803,2051.7652168256036
IL2022F4S-11804,2702.416132691721
IL2022F4S-11805,2845.72055262645
IL2022F4S-11806,2950.8216874798245
IL2022F4S-11807,2667.2516232818925
IL2022F4S-11902,3168.2080774897095
IL2022F4S-11903,2956.6699224307013
IL2022F4S-11904,2153.731278586388
IL2022F4S-12001,2493.974215828971
IL2022F4S-12101,2193.1076599140188
IL2022F4S-12102,2230.825422248387
IL2022F4S-12202,3289.2238676692723
IL2022F4S-12203,3366.4069543333444
IL2022F4S-12204,3187.917846439319
IL2022F4S-12205,3152.7578611764193
IL2022F4S-12206,3201.7868891539724
IL2022F4S-12301,2959.0632674905364
IL2022F4S-12302,3068.4295828000477
IL2022F4S-12305,2533.051552930571
IL2022F4S-12401,2753.6131053955182
IL2022F4S-12402,2677.10931674031
IL2022F4S-12406,2803.90024068751
IL2022F4S-12409,2462.5329121538052
IL2022F4S-12501,2323.769135951572
IL2022F4S-12502,3119.419299388997
IL2022F4S-12504,2619.497360022596
IL2022F4S-12505,2131.712301783571
IL2022F4S-12506,2786.2077563448693
IL2022F4S-12507,2770.5406700538056
IL2022F4S-12508,2743.4170632830533
IL2022F4S-12509,2611.5305073073337
IL2022F4S-12601,3388.3841198763803
IL2022F4S-12603,2706.020041964971
IL2022F4S-12604,2632.4230077098077
IL2022F4S-12701,3157.5214685206033
IL2022F4S-12702,2969.83994893249
IL2022F4S-12801,2817.2703628871477
IL2022F4S-12803,2934.8064298613353
IL2022F4S-12804,3066.868836389803
IL2022F4S-12805,2766.581540425227
IL2022F4S-12806,2731.562962921549
IL2022F4S-12808,2607.5994140857993
IL2022F4S-12901,2228.3788525701348
IL2022F4S-13001,2282.204108219221
IL2022F4S-13002,3093.7608041796816
IL2022F4S-1302,2871.5385570523986
IL2022F4S-1303,2360.741079670116
IL2022F4S-13101,2772.030663986838
IL2022F4S-13104,3088.1502272904363
IL2022F4S-13105,2920.1771129817475
IL2022F4S-13106,2953.9852225986374
IL2022F4S-13107,3052.69211107731
IL2022F4S-13201,3353.504162499931
IL2022F4S-13202,3226.224381545296
IL2022F4S-13203,2826.9308097083926
IL2022F4S-13302,2571.1856151967613
IL2022F4S-13303,2815.008495881463
IL2022F4S-13304,2856.2772582310477
IL2022F4S-13305,3036.6481344307585
IL2022F4S-13401,2042.9449650605766
IL2022F4S-13402,2315.190095539085
IL2022F4S-13502,1998.9662739268624
IL2022F4S-13503,2327.984648514957
IL2022F4S-13701,2305.3316416525504
IL2022F4S-13801,3002.6898361241356
IL2022F4S-13802,3317.6350343630456
IL2022F4S-13803,2568.3501108425753
IL2022F4S-13804,2414.07336133009
IL2022F4S-13806,3163.6769797211227
IL2022F4S-13807,3210.5133223877933
IL2022F4S-13902,2580.980296482537
IL2022F4S-13903,2917.2504792236673
IL2022F4S-13904,2432.927704179905
IL2022F4S-14001,3088.8547770043247
IL2022F4S-14002,3028.40866458141
IL2022F4S-14003,3099.9255980671446
IL2022F4S-1401,2274.7713363818643
IL2022F4S-1402,2526.7496243587725
IL2022F4S-1404,2292.606399928566
IL2022F4S-1407,2728.474690936138
IL2022F4S-14102,3084.94588641563
IL2022F4S-14103,2482.508561962644
IL2022F4S-14201,3153.845350791452
IL2022F4S-14202,2609.3809185648925
IL2022F4S-14301,2234.3083413224376
IL2022F4S-14302,2861.102155811296
IL2022F4S-14303,2600.6702183970447
IL2022F4S-14401,3769.804732597886
IL2022F4S-14402,2927.4129642795638
IL2022F4S-14403,3147.8306699246027
IL2022F4S-14404,2504.6088060236
IL2022F4S-14405,3260.520506270288
IL2022F4S-14501,3290.3394630010557
IL2022F4S-14505,2460.0368219915117
IL2022F4S-14506,3056.521943512239
IL2022F4S-14507,3418.697003083109
IL2022F4S-14702,2961.428066246569
IL2022F4S-14706,3161.033607945148
IL2022F4S-14802,3306.9124105897095
IL2022F4S-14804,2675.51312166905
IL2022F4S-14805,2874.3535641681888
IL2022F4S-14807,2696.9614650965746
IL2022F4S-14808,2592.4216186477515
IL2022F4S-14809,2761.982807305583
IL2022F4S-14901,2918.1359485283706
IL2022F4S-14902,2860.5584643311786
IL2022F4S-14904,2989.510160304496
IL2022F4S-14905,3335.536710054762
IL2022F4S-14906,3172.431283706763
IL2022F4S-15003,3325.964129068672
IL2022F4S-15004,3485.1136398993576
IL2022F4S-1501,2465.050696519542
IL2022F4S-1502,2896.358133188912
IL2022F4S-1503,2728.269769956341
IL2022F4S-1504,2763.2112209019574
IL2022F4S-15101,3111.61141096431
IL2022F4S-15103,3092.4612442418324
IL2022F4S-15201,2983.74542175184
IL2022F4S-15202,2403.4446609982515
IL2022F4S-15203,3079.3922671071264
IL2022F4S-15301,2901.898272403209
IL2022F4S-15302,2846.1750549677927
IL2022F4S-15303,2482.5690429402184
IL2022F4S-15304,2570.1466330655967
IL2022F4S-15305,2598.046307057046
IL2022F4S-15401,2988.4986688122303
IL2022F4S-15402,2282.1788534832267
IL2022F4S-15501,2852.7749127167167
IL2022F4S-15502,2594.66510294175
IL2022F4S-15503,2269.9244693124324
IL2022F4S-15504,2466.4394887350722
IL2022F4S-15505,2156.0525648832686
IL2022F4S-15506,2575.1840320954398
IL2022F4S-15601,2444.725338344365
IL2022F4S-15701,3017.4159460891806
IL2022F4S-157010,3351.4700731375724
IL2022F4S-157011,3575.9248593618445
IL2022F4S-15704,3048.8206812456892
IL2022F4S-15705,2680.954851129741
IL2022F4S-15706,3223.3175712710067
IL2022F4S-15707,3105.2538785256256
IL2022F4S-15708,2940.123115922999
IL2022F4S-15709,2677.984616064967
IL2022F4S-15801,2436.196600565993
IL2022F4S-15802,2392.2841463438544
IL2022F4S-15803,2760.9424647325454
IL2022F4S-15804,2095.420980165033
IL2022F4S-15903,2894.6809014185233
IL2022F4S-16001,2675.65337487099
IL2022F4S-16002,3135.9290590367177
IL2022F4S-16003,2747.628078875242
IL2022F4S-16004,2329.972339183083
IL2022F4S-16005,2431.6959580468992
IL2022F4S-16006,2931.0764684878495
IL2022F4S-1602,3296.0217162499675
IL2022F4S-16101,2909.965534768295
IL2022F4S-16103,2588.1122567262137
IL2022F4S-16104,2671.5235468573383
IL2022F4S-16105,3246.7415778732093
IL2022F4S-16106,3243.857162449617
IL2022F4S-16201,3396.566322295956
IL2022F4S-16401,2579.576297362463
IL2022F4S-16501,2867.328636648681
IL2022F4S-16801,3562.5670267773635
IL2022F4S-17004,3136.9783077101956
IL2022F4S-17302,3262.5923135501866
IL2022F4S-17401,2726.7163910498866
IL2022F4S-17601,3105.5437415312754
IL2022F4S-17701,2679.74607146728
IL2022F4S-17902,2419.1740551030302
IL2022F4S-17903,3087.9458832796167
IL2022F4S-18001,3024.6854492828165
IL2022F4S-1802,3139.599176860746
IL2022F4S-18103,3293.9125842794083
IL2022F4S-18104,2906.3821681808536
IL2022F4S-18201,3324.6292098831245
IL2022F4S-18202,2851.5644149927025
IL2022F4S-18203,3373.8210282036453
IL2022F4S-18301,3737.641126572451
IL2022F4S-18402,2626.216849561422
IL2022F4S-18404,3333.9352100333617
IL2022F4S-18501,4294.041198260744
IL2022F4S-18505,3823.3510818024683
IL2022F4S-18506,4208.464297891103
IL2022F4S-18601,3360.792234562046
IL2022F4S-18701,3190.5636699199745
IL2022F4S-18702,3348.1093063151347
IL2022F4S-18703,3770.482024782851
IL2022F4S-18706,3864.4986388581374
IL2022F4S-18707,3745.6713771193076
IL2022F4S-18708,3710.57718144429
IL2022F4S-18801,3375.131942988837
IL2022F4S-18904,3170.0164501098693
IL2022F4S-19001,2933.295022177359
IL2022F4S-19002,2223.2899775887445
IL2022F4S-19003,2391.1159208852678
IL2022F4S-1901,2988.580681546803
IL2022F4S-1904,3713.627350934522
IL2022F4S-19204,3071.85422914206
IL2022F4S-19301,2946.79040928892
IL2022F4S-19302,2741.939438436695
IL2022F4S-19303,3555.1040408190843
IL2022F4S-19304,3234.3893841664453
IL2022F4S-19305,3169.373020443423
IL2022F4S-19306,3256.0207141469687
IL2022F4S-19307,3257.539312987342
IL2022F4S-19308,3111.886927033853
IL2022F4S-19309,3227.5135970631227
IL2022F4S-19402,3366.315514225193
IL2022F4S-19501,3201.7690537579892
IL2022F4S-19503,3435.780119462391
IL2022F4S-19601,3282.2839760874836
IL2022F4S-19603,3438.638047787509
IL2022F4S-19604,3498.978000489069
IL2022F4S-19701,2671.7082930448196
IL2022F4S-19702,2715.6109025526475
IL2022F4S-19703,2785.8296766885046
IL2022F4S-19704,2511.4727944610977
IL2022F4S-19705,2781.3680709210867
IL2022F4S-19706,3019.4372360718853
IL2022F4S-19707,3290.3993016219247
IL2022F4S-19708,2646.83405237157
IL2022F4S-19709,3500.5153075026406
IL2022F4S-19903,3127.43912383845
IL2022F4S-20002,3364.8391758661764
IL2022F4S-20003,3265.5473132998122
IL2022F4S-2002,3113.6190750908213
IL2022F4S-2003,2859.0499240669214
IL2022F4S-20101,2757.6614695271637
IL2022F4S-20102,2577.036878200923
IL2022F4S-20104,2477.385508085019
IL2022F4S-20105,2690.787902642305
IL2022F4S-20106,3320.7971359139024
IL2022F4S-20107,3422.882984916309
IL2022F4S-20108,2292.5340478736503
IL2022F4S-20201,2913.012260627183
IL2022F4S-20202,2532.0637603163436
IL2022F4S-20203,2671.452800018313
IL2022F4S-20301,2816.240977256899
IL2022F4S-20302,2644.4517940617025
IL2022F4S-20303,3084.0811324019887
IL2022F4S-20304,2894.8830531094372
IL2022F4S-20401,2953.4774710385736
IL2022F4S-20403,2685.6682457394813
IL2022F4S-20404,3129.481109081212
IL2022F4S-205,2815.891509764445
IL2022F4S-20501,3089.36696972069
IL2022F4S-20502,2650.1085867434695
IL2022F4S-20503,2950.8877438059467
IL2022F4S-20504,3839.4482591846468
IL2022F4S-20505,2598.1324158960233
IL2022F4S-20507,3200.138680701934
IL2022F4S-20701,3366.02539230377
IL2022F4S-20902,3564.454725974922
IL2022F4S-20903,2899.060752348972
IL2022F4S-210010,4039.75975154848
IL2022F4S-21002,3729.4299491323172
IL2022F4S-21003,3317.3366912413953
IL2022F4S-21004,3298.7601584741847
IL2022F4S-21005,2855.8120981780894
IL2022F4S-21006,3771.571126049308
IL2022F4S-21007,3405.797239959078
IL2022F4S-21008,3271.867744381672
IL2022F4S-21009,2597.3412664653883
IL2022F4S-2101,3161.610824652873
IL2022F4S-2102,2922.413097773891
IL2022F4S-2103,2816.949720377502
IL2022F4S-2104,3276.928811132007
IL2022F4S-2105,3362.529191107971
IL2022F4S-2106,2812.7058020889885
IL2022F4S-21102,2844.816042360893
IL2022F4S-21103,3656.1640043384177
IL2022F4S-21201,3589.4027800614417
IL2022F4S-21202,3381.393255426174
IL2022F4S-21203,3411.6053951211306
IL2022F4S-21204,3445.0592162892794
IL2022F4S-21205,3536.349442411837
IL2022F4S-21206,3369.1960950187986
IL2022F4S-21302,3585.1371730188375
IL2022F4S-21303,2400.313184784285
IL2022F4S-21305,3191.1094095015164
IL2022F4S-2202,3168.5379132687767
IL2022F4S-2401,2402.109101467484
IL2022F4S-2402,2557.644465327694
IL2022F4S-2501,1935.6546892934969
IL2022F4S-2504,2192.232462669927
IL2022F4S-2601,2691.435491985988
IL2022F4S-2704,2703.1446610686635
IL2022F4S-2802,2258.998978191156
IL2022F4S-2902,2701.922633904356
IL2022F4S-3011,2469.1650239596815
IL2022F4S-3012,1999.1836947620309
IL2022F4S-3202,2351.629889368359
IL2022F4S-3204,2361.500677325199
IL2022F4S-3205,2381.546495683302
IL2022F4S-3206,2599.026838775836
IL2022F4S-3401,2377.6435711952413
IL2022F4S-3503,2603.306268701005
IL2022F4S-3901,2359.0630301376686
IL2022F4S-3903,2933.8547351432794
IL2022F4S-3904,2680.479931158199
IL2022F4S-3905,2033.4854647963252
IL2022F4S-3906,3063.0121237424028
IL2022F4S-4202,2610.522478209123
IL2022F4S-4401,1843.137566212436
IL2022F4S-4402,2584.5069049126414
IL2022F4S-4403,2371.9605143475087
IL2022F4S-4502,2758.901269049269
IL2022F4S-4504,2809.3795968358563
IL2022F4S-4505,3134.253439073734
IL2022F4S-4602,2581.887166537768
IL2022F4S-4604,2257.575570724185
IL2022F4S-4802,2885.8709090387615
IL2022F4S-4902,3091.587102297069
IL2022F4S-4903,3091.473107956274
IL2022F4S-5003,2855.6563571272713
IL2022F4S-501,2432.1624314074197
IL2022F4S-503,2497.118844124483
IL2022F4S-5101,2948.4449540764244
IL2022F4S-5102,3012.3138059673315
IL2022F4S-5103,2810.2988310953597
IL2022F4S-5104,2600.358042552678
IL2022F4S-5106,2892.6348407606347
IL2022F4S-5201,2916.8331646941
IL2022F4S-5202,2757.170951474107
IL2022F4S-5204,2929.6115563633116
IL2022F4S-5301,3325.554481920504
IL2022F4S-5302,3373.861117370112
IL2022F4S-5303,3360.234413324952
IL2022F4S-5403,2832.6807568961494
IL2022F4S-5503,2401.7983943572895
IL2022F4S-5601,2465.5018162284236
IL2022F4S-5603,2273.4184923772646
IL2022F4S-5604,1717.624161163062
IL2022F4S-5701,2438.346052130578
IL2022F4S-5702,2656.469595542604
IL2022F4S-5703,3164.559375022612
IL2022F4S-5801,2635.7706596569815
IL2022F4S-6001,3124.0815395197187
IL2022F4S-6003,2714.0178786040697
IL2022F4S-6201,2556.4346462801136
IL2022F4S-6301,2886.6199144830857
IL2022F4S-6302,2622.1440924202507
IL2022F4S-6303,2592.307153517759
IL2022F4S-6401,3122.3827263544363
IL2022F4S-6402,2928.3408136623993
IL2022F4S-6403,3318.405078311491
IL2022F4S-6404,2447.4918107493704
IL2022F4S-6501,3279.6483614449894
IL2022F4S-6602,2558.9379319918976
IL2022F4S-6604,2819.8457387584644
IL2022F4S-6605,2769.2265480207593
IL2022F4S-6701,3215.2367734025133
IL2022F4S-6702,2819.6327830552605
IL2022F4S-6703,3047.997427534378
IL2022F4S-6801,2643.197114536642
IL2022F4S-6802,2870.689929823543
IL2022F4S-6803,3188.746737251914
IL2022F4S-6805,2846.285615623387
IL2022F4S-6902,3150.971421759732
IL2022F4S-701,2399.1476040760535
IL2022F4S-7401,2545.070684250247
IL2022F4S-7402,2712.106710863857
IL2022F4S-7602,2331.38876948174
IL2022F4S-8001,2869.757807858224
IL2022F4S-801,3090.922303374633
IL2022F4S-808,2098.242922846261
IL2022F4S-809,2365.683543639397
IL2022F4S-8103,2491.681274574702
IL2022F4S-8201,2902.074565885897
IL2022F4S-8202,2781.4119633160703
IL2022F4S-8203,2957.5700984573914
IL2022F4S-8204,2789.951269302497
IL2022F4S-8301,2304.8771365596594
IL2022F4S-8302,2391.2180057801256
IL2022F4S-8401,1657.7128580126475
IL2022F4S-8502,2479.8016217118047
IL2022F4S-8503,2432.699567412509
IL2022F4S-8601,2889.7223529729804
IL2022F4S-8701,2822.792675615022
IL2022F4S-8703,3071.3218050723913
IL2022F4S-8803,2723.9221656864984
IL2022F4S-8804,2762.1798504890344
IL2022F4S-8806,2657.19271351038
IL2022F4S-8902,3164.4203690974537
IL2022F4S-8904,3150.80666834622
IL2022F4S-902,2647.423181156463
IL2022F4S-904,2619.6874088145664
IL2022F4S-905,2522.893871227917
IL2022F4S-906,2434.8332772586264
IL2022F4S-9101,2173.3463883113905
IL2022F4S-9102,2766.3396821338215
IL2022F4S-9103,3174.2850796418425
IL2022F4S-9105,2495.3024953460367
IL2022F4S-9106,2172.9935745475123
IL2022F4S-9301,3353.088985920318
IL2022F4S-9302,3350.860782349773
IL2022F4S-9303,2905.9246214918894
IL2022F4S-9304,3792.9524524002704
IL2022F4S-9306,3034.154939590658
IL2022F4S-9308,3676.5367972224553
IL2022F4S-9309,2983.763400255951
IL2022F4S-9402,2713.1841975330267
IL2022F4S-9403,2802.129322744554
IL2022F4S-9404,2842.3530549762477
IL2022F4S-9406,2534.234935169434
IL2022F4S-9501,3461.1382605303434
IL2022F4S-9502,3130.6636469722403
IL2022F4S-9506,3482.8201334249425
IL2022F4S-9601,2678.6920219926433
IL2022F4S-9603,2480.0689820326643
IL2022F4S-9604,3175.0763450519685
IL2022F4S-9607,2917.713664736167
IL2022F4S-9701,2553.1662487713024
IL2022F4S-9705,2921.46991738009
IL2022F4S-9706,2684.2062349849925
IL2022F4S-9801,2956.584812134173
IL2022F4S-9802,2834.6289941908767
IL2022F4S-9806,2843.5561471772157
IL2022F4S-9901,2560.622267936169
IL2022F4S-9902,2995.0387788079206
IL2021-1058,2928.5073312677473
IL2021-10769,2434.1886035889015
IL2021-10820,3145.007459226922
IL2021-10963,3239.870740903407
IL2021-10969,2708.030684322987
IL2021-11020,2776.801788022312
IL2021-11039,2559.2327299083086
IL2021-11107,2579.929094844361
IL2021-11217,3184.3222740305387
IL2021-11225,3508.863906932632
IL2021-11252,3301.493755565406
IL2021-11322,2584.7394618644207
IL2021-11374,3155.6309960669014
IL2021-1141,2663.7342295850267
IL2021-11441,3297.4530462785506
IL2021-115,3395.051779341007
IL2021-11534,3908.925012376958
IL2021-1156,2397.427585643076
IL2021-11573,3137.327027537472
IL2021-11622,3265.7068104002556
IL2021-1163,3109.1279851192453
IL2021-11634,3069.301412384891
IL2021-11703,3114.881995785759
IL2021-11772,3007.0741737899707
IL2021-11820,3829.460303039764
IL2021-11821,4065.9638386135102
IL2021-11830,4070.674950792397
IL2021-11835,3135.62457972319
IL2021-11869,3014.9047804665115
IL2021-11915,3573.8501330533545
IL2021-11935,3757.9837936693975
IL2021-11939,3636.208232008439
IL2021-11962,2837.6281983903245
IL2021-12314,3110.8214785695354
IL2021-12322,3175.4653791391
IL2021-12341,3132.0045744701583
IL2021-12361,3149.7936563421513
IL2021-12459,3015.291992918992
IL2021-12548,2894.6317759810026
IL2021-12550,3199.072812299721
IL2021-12636,2993.65733432996
IL2021-1274,2891.5222514398683
IL2021-12915,2843.9390342109655
IL2021-12925,3117.8288908726695
IL2021-1302,2733.6507603123814
IL2021-13321,2755.499530856919
IL2021-13345,3934.468929708724
IL2021-13561,3573.581774860889
IL2021-13577,3580.6319436800786
IL2021-13605,3001.7626625112666
IL2021-13615,3479.4583150837016
IL2021-13712,3192.5178034198757
IL2021-13718,4249.9836149822495
IL2021-13723,3735.9740476255124
IL2021-13728,3138.9719018963015
IL2021-13734,3491.099472962629
IL2021-13738,3567.0305312935125
IL2021-13758,3623.754562560785
IL2021-13764,3369.6557592366744
IL2021-13768,3022.804762152007
IL2021-138,2916.8839717726264
IL2021-13805,2917.902299191808
IL2021-13844,2984.895082638947
IL2021-13851,3484.834845276165
IL2021-13877,2857.118490657625
IL2021-13951,2747.4937117860763
IL2021-14041,3138.8394280118678
IL2021-1405,2860.817624113333
IL2021-14230,3128.4522292598062
IL2021-14267,3579.3681911661215
IL2021-14278,4017.22598128552
IL2021-14320,3838.8552550390646
IL2021-14337,4345.739640241227
IL2021-1438,2693.0167729735804
IL2021-1444,3096.6270113780906
IL2021-14476,3496.067546038009
IL2021-14511,3821.135922612077
IL2021-14513,3240.834158957214
IL2021-14556,3279.883174991408
IL2021-14567,3486.2820025983024
IL2021-14624,3816.9285431153767
IL2021-14669,3566.800034591232
IL2021-14673,3631.3707863361096
IL2021-14676,3494.965168768268
IL2021-14713,3258.9120983718703
IL2021-14741,2482.429259232855
IL2021-14773,2810.8660907803496
IL2021-14775,3941.447050155997
IL2021-14779,2896.7734532771756
IL2021-14836,3051.236336882882
IL2021-14925,3282.5142354894315
IL2021-15029,2638.3464959083744
IL2021-15047,2857.503892711717
IL2021-15050,3775.83612530963
IL2021-15070,3417.684384270577
IL2021-15104,3796.2431445006205
IL2021-15117,3599.46000420948
IL2021-15138,3509.8488846546306
IL2021-15149,3191.3466114265925
IL2021-15152,3749.5768627439656
IL2021-15175,3627.890470867754
IL2021-15179,3501.174042164799
IL2021-15201,3303.2543159770225
IL2021-15207,3761.6304030587385
IL2021-15210,3295.3724872843413
IL2021-15215,3447.230140927545
IL2021-15219,3288.558279696563
IL2021-15245,3953.2801730928823
IL2021-15258,3913.4945369141747
IL2021-15263,3458.5700093067526
IL2021-15432,2890.7536175889695
IL2021-15454,3288.9097889821574
IL2021-15576,2688.3593406459927
IL2021-15706,3150.859255758945
IL2021-15710,2489.2522341852787
IL2021-15714,2933.6529999243244
IL2021-15729,2811.4956504580086
IL2021-15733,3092.7080805597857
IL2021-15734,2934.8835563055554
IL2021-15745,2767.101739619853
IL2021-15748,3421.0179347817643
IL2021-15749,3352.957078083513
IL2021-15778,3185.063252883606
IL2021-15809,2647.8734171296483
IL2021-15823,2694.199350621051
IL2021-15931,3409.716638547318
IL2021-15933,3714.775864874356
IL2021-15934,3231.0506208332163
IL2021-15939,3941.1282636951673
IL2021-15943,3383.452561696954
IL2021-15944,4347.712823915146
IL2021-15949,3059.271016992655
IL2021-15963,3284.120868698307
IL2021-15967,3486.661096769116
IL2021-15973,3734.486527016308
IL2021-16031,3641.1320193952724
IL2021-16038,3377.1256039104046
IL2021-16041,3677.7275267148943
IL2021-16043,3648.971066053734
IL2021-16120,3568.5011879789504
IL2021-16151,3481.1263550555636
IL2021-16170,3925.2970371654633
IL2021-16212,3637.8877953886727
IL2021-16226,2902.527129058043
IL2021-16270,3522.2945819748657
IL2021-16272,3559.0827455721374
IL2021-16325,3698.329420518086
IL2021-16330,4099.532940756795
IL2021-16335,3817.049882493363
IL2021-164,3971.9460278175648
IL2021-16410,3765.360744407754
IL2021-16419,3983.287176179214
IL2021-16421,3609.7252562077133
IL2021-16443,4076.0545333514037
IL2021-16457,4114.013575010482
IL2021-16459,3943.0589938968496
IL2021-16465,3716.7207662786286
IL2021-16509,4033.239914131638
IL2021-16544,3418.7042107714365
IL2021-16567,3288.7227311778124
IL2021-16576,3281.037907730079
IL2021-16620,3376.2970400524887
IL2021-16642,3304.6816268279217
IL2021-16645,3460.926770485938
IL2021-16668,3641.1105534772764
IL2021-16721,2914.94996350229
IL2021-16722,3651.138189938433
IL2021-16728,2989.792311640268
IL2021-16742,3666.1949104186915
IL2021-16764,3788.5998210858857
IL2021-16772,3762.5471363162933
IL2021-16807,3346.817801358043
IL2021-16810,3139.568434672656
IL2021-16814,3086.311396720688
IL2021-17103,4027.5957715837385
IL2021-17213,3870.7543044352597
IL2021-17373,3543.305435431962
IL2021-17409,3435.371326014305
IL2021-17428,3318.627074192536
IL2021-17431,3540.7822338393967
IL2021-17463,3370.3003382928796
IL2021-1748,3120.9255032669803
IL2021-1749,3043.9241263341914
IL2021-17506,3929.1901019952193
IL2021-17568,2527.494460491962
IL2021-17621,3079.63834624903
IL2021-1763,3437.506859799846
IL2021-17641,2605.8598435232143
IL2021-1768,3291.890631995802
IL2021-17752,3326.166113667545
IL2021-1776,2925.6484593280825
IL2021-17773,3593.8299685177435
IL2021-1778,3552.696710954913
IL2021-17813,3594.1284810456355
IL2021-17835,3795.323363738663
IL2021-17838,3588.9274984557587
IL2021-17841,3635.690556218831
IL2021-17845,3781.831268741581
IL2021-17848,3443.9498568268746
IL2021-17863,3456.624204397197
IL2021-17866,3465.2812845493927
IL2021-17919,3582.5627067682917
IL2021-17949,3513.6523467589013
IL2021-17961,3537.921152127631
IL2021-1805,3328.0439785681397
IL2021-18124,3228.200007705862
IL2021-18141,3444.3025815157325
IL2021-1815,2899.264489293727
IL2021-18153,3342.0327519472667
IL2021-18165,3565.4259065981523
IL2021-18172,3576.475270562744
IL2021-1820,2810.4773211041556
IL2021-18220,2807.8877796778083
IL2021-18225,3564.5535212923187
IL2021-1824,3306.7378668869155
IL2021-18265,3552.91701666736
IL2021-1828,2844.0448373298073
IL2021-18304,3808.22180305885
IL2021-18305,4003.4893698327182
IL2021-18306,3568.9452649851596
IL2021-18313,3492.328196457216
IL2021-18320,4020.5135789709193
IL2021-18365,3610.761524910286
IL2021-18374,3713.4423236371963
IL2021-1839,3501.744615427906
IL2021-18405,3511.1583688827254
IL2021-18425,3393.8251721848487
IL2021-18435,3209.022616449972
IL2021-18468,3544.4218223384005
IL2021-18501,3527.102838976934
IL2021-18531,3921.00151121143
IL2021-18543,3317.8133997835607
IL2021-18546,3282.1216305186354
IL2021-18549,3640.568715146174
IL2021-18661,3875.3530735905147
IL2021-18716,2678.4604255549384
IL2021-18732,2485.974261713891
IL2021-18738,2116.122900613278
IL2021-19166,3325.8650040242146
IL2021-19215,2962.865463608391
IL2021-19221,3289.7031675728017
IL2021-19241,3301.2981506114297
IL2021-19253,3605.222646356782
IL2021-19352,3585.5555123947606
IL2021-1936,3320.1257215631576
IL2021-1937,2858.9683104444016
IL2021-19401,3147.0144339561944
IL2021-19404,3382.781868688984
IL2021-19436,3546.6149107014235
IL2021-19438,3472.1563557633535
IL2021-19439,3499.0082006466528
IL2021-19549,3527.217023820163
IL2021-1956,2250.2249760332825
IL2021-19650,3312.0351791552384
IL2021-19661,3580.458313666615
IL2021-19676,3523.376347407489
IL2021-19708,3570.660210828257
IL2021-19718,3037.005866485895
IL2021-19778,3450.1014259327976
IL2021-19808,2868.357397419746
IL2021-20030,3538.4523995029354
IL2021-20207,3503.441106280595
IL2021-20345,3113.2910587815695
IL2021-2038,2910.342785286766
IL2021-20508,2735.8369235944524
IL2021-20673,3377.492023426604
IL2021-20960,2225.2993244507
IL2021-21068,2649.4026607074293
IL2021-21072,3073.7773477309656
IL2021-21078,3015.9262654988293
IL2021-21123,3144.877763363573
IL2021-21127,3751.1641898739044
IL2021-21218,3450.6675458975137
IL2021-21241,3051.5817001640894
IL2021-21356,2947.6583300464226
IL2021-21416,2721.526094352693
IL2021-21471,3074.7952942419893
IL2021-21479,3186.065204347944
IL2021-21560,3417.0904736898797
IL2021-21606,2790.1311839923915
IL2021-21630,3518.109256701874
IL2021-21635,2950.1809935969172
IL2021-21655,3055.067362514643
IL2021-21665,3303.6910851186385
IL2021-21674,2722.4188869399877
IL2021-21708,2686.610971057697
IL2021-21718,2959.0192743904986
IL2021-21732,3227.302167399921
IL2021-21733,2626.93034169735
IL2021-21769,3029.9564522613196
IL2021-21815,2648.5925728115662
IL2021-21969,2777.965879099583
IL2021-22056,2803.4525035906127
IL2021-22137,3186.848914077248
IL2021-22152,3592.8214934138105
IL2021-22262,2989.343892478131
IL2021-22350,4322.239268251978
IL2021-22358,4058.560958833208
IL2021-22411,3315.07914546984
IL2021-2244,3368.0197977137664
IL2021-22459,3470.5445661260883
IL2021-22464,4036.7414290924016
IL2021-22474,3654.2637136967583
IL2021-22478,3752.4724319737115
IL2021-22564,2645.0838367274505
IL2021-22578,3366.594274354614
IL2021-22621,3452.6742173910516
IL2021-22646,3315.0129215010397
IL2021-2269,3297.008642339271
IL2021-22715,2886.0935749006535
IL2021-22937,2528.189355951145
IL2021-23158,3124.1830846961134
IL2021-23309,3113.7608724739443
IL2021-23332,2501.709733790677
IL2021-23464,2596.000494295883
IL2021-23566,2808.0593721225728
IL2021-2364,2820.22490139261
IL2021-23767,2866.2402225992014
IL2021-23771,2430.257141321124
IL2021-23826,2621.0215459338833
IL2021-24110,3870.3306603520027
IL2021-24114,2981.901710882233
IL2021-24255,3275.54328148631
IL2021-24320,2551.259463855605
IL2021-24324,2982.70674394152
IL2021-24328,3011.766327401081
IL2021-24365,3627.8499535941783
IL2021-24426,2746.005186105756
IL2021-24479,2664.8283364588383
IL2021-24512,2522.5288806336316
IL2021-24531,2727.357563129602
IL2021-24578,3428.1201781464683
IL2021-24617,3479.702805296579
IL2021-24655,3179.453508412189
IL2021-24802,2261.550834242983
IL2021-24847,2642.958011547905
IL2021-24872,2988.0112016779
IL2021-24918,2931.116580359365
IL2021-24937,2396.9177182772974
IL2021-24956,2257.441200903285
IL2021-25121,2370.4506943209735
IL2021-25152,2084.757570829015
IL2021-25157,2680.7576273963646
IL2021-25226,3717.515426492432
IL2021-25229,3014.5350716955036
IL2021-25334,3164.3109905412784
IL2021-25339,2459.6377083810207
IL2021-25344,3317.8412629544882
IL2021-2535,2465.9741425560296
IL2021-25359,3014.0313962978144
IL2021-25362,2672.2762134589175
IL2021-25411,2910.688944193467
IL2021-25441,2209.2527999086105
IL2021-25478,3183.089855646659
IL2021-25511,2822.6048608356864
IL2021-25522,2776.7407716663306
IL2021-25533,2392.323275527367
IL2021-2559,2876.1128539836022
IL2021-25607,2038.45301458219
IL2021-25629,2269.6578244734596
IL2021-25644,2032.3288361516268
IL2021-25721,2513.933895453714
IL2021-25757,2317.0980336356206
IL2021-25818,2291.7693756783733
IL2021-25823,2591.4319658652735
IL2021-25829,2519.9961748702403
IL2021-25834,3177.171166791954
IL2021-25858,2365.4253904947245
IL2021-25879,2118.958865957727
IL2021-25905,1773.701980533557
IL2021-25931,2013.4012910130778
IL2021-25933,1958.3405501791658
IL2021-25954,1824.2755018606204
IL2021-25979,2558.221283581366
IL2021-26002,2393.04750487101
IL2021-26068,2635.3975732169833
IL2021-26075,3591.7181967077113
IL2021-26129,2515.7449359379584
IL2021-26163,2425.950581984319
IL2021-26173,3250.6037799841447
IL2021-26214,2417.192335420177
IL2021-26235,2602.7234936766063
IL2021-26252,2896.00509691909
IL2021-26255,2914.3044959959684
IL2021-26260,2559.184592876324
IL2021-26262,2484.10763916255
IL2021-26263,2665.129133030048
IL2021-26266,2582.1961609701375
IL2021-26271,2771.606000906351
IL2021-26274,2441.4886463718603
IL2021-26275,2906.34036658295
IL2021-26279,2982.9849930319306
IL2021-26303,2572.62409119087
IL2021-26308,2760.0105316654117
IL2021-26309,3180.6848900907917
IL2021-26311,2999.5099693193315
IL2021-26316,2913.7068746927753
IL2021-26323,3118.389671484706
IL2021-26330,2064.27311439475
IL2021-26357,2320.5849416678534
IL2021-26535,3496.115649218508
IL2021-26561,3211.320306333529
IL2021-26620,2983.3198506426043
IL2021-26632,2364.6820820447997
IL2021-26639,3308.2571879175725
IL2021-26754,3062.4306955483935
IL2021-26755,2874.1279729810744
IL2021-26762,2735.755473695415
IL2021-26813,3410.6656533578916
IL2021-26829,2782.993058923001
IL2021-26838,3279.348603935482
IL2021-26850,2838.655668047315
IL2021-26879,2665.2049581910173
IL2021-26880,2884.716024470777
IL2021-269,2854.5732530943574
IL2021-26916,2750.626648630979
IL2021-26929,2778.926997439034
IL2021-26949,2724.3693575244056
IL2021-27036,2410.174976419362
IL2021-27049,2453.603274090365
IL2021-27067,2874.533500372578
IL2021-27103,2763.577800168401
IL2021-27113,2610.8505187773053
IL2021-27120,2987.019292340428
IL2021-27134,2802.168588020363
IL2021-27144,3048.6329250327058
IL2021-27145,2849.2814793847606
IL2021-27328,3045.727628161178
IL2021-27349,3966.0941718419926
IL2021-27364,3566.274746850629
IL2021-27375,4361.241820292372
IL2021-27461,2907.621341956897
IL2021-27463,2526.614352138864
IL2021-27574,2681.522255711079
IL2021-27611,3079.8684661434654
IL2021-27612,3359.8808236061736
IL2021-27626,2895.820059195521
IL2021-27644,3143.5573442581394
IL2021-27657,3390.672340540914
IL2021-27659,2912.113938066168
IL2021-27713,3765.5254581001464
IL2021-27746,3164.6840193587877
IL2021-27763,2571.1917776429214
IL2021-27813,2907.045164278658
IL2021-27845,2961.9534637438255
IL2021-27918,3347.9628375689767
IL2021-27928,2456.0087662093397
IL2021-27958,2453.541908532726
IL2021-27960,2542.6546192709
IL2021-28027,2954.233928060461
IL2021-28030,3252.1209085737805
IL2021-28048,2718.6533308088556
IL2021-28068,2702.257827666971
IL2021-28071,2410.8953525521183
IL2021-28074,2201.690403029561
IL2021-28208,3247.296398630279
IL2021-28212,2524.5553578055424
IL2021-28249,2744.5534749398385
IL2021-28309,3040.79263016335
IL2021-2835,3462.8690881481334
IL2021-28373,2952.393710101083
IL2021-28374,2154.7948521083554
IL2021-28377,3008.5930272149762
IL2021-28405,2950.2833679698033
IL2021-28411,3026.38633271255
IL2021-28413,2672.2370550104038
IL2021-28432,2990.329733888265
IL2021-28471,2664.3876642512673
IL2021-28478,3515.095426743654
IL2021-28510,2584.7696105220853
IL2021-28535,3135.755416469502
IL2021-28549,3036.0966998328404
IL2021-28578,2596.3051484951106
IL2021-28678,2932.0853527765858
IL2021-2869,4263.289298956121
IL2021-28708,2395.4147446417537
IL2021-28714,2374.460716525392
IL2021-28768,2729.8949732621822
IL2021-28770,3004.048665536917
IL2021-28804,2260.8145354162193
IL2021-28811,2456.622216563051
IL2021-28826,2282.6949196403452
IL2021-28923,3652.7582503387066
IL2021-28930,3382.0897130493126
IL2021-28970,2748.610096470103
IL2021-28973,2916.6737483811703
IL2021-29002,2442.499900296254
IL2021-29003,2356.789891133388
IL2021-29008,2700.9075481150053
IL2021-29011,3058.6818429788977
IL2021-29023,2333.1008714532045
IL2021-29030,3313.232737832474
IL2021-2907,4138.6202690413165
IL2021-29071,2887.4088952798907
IL2021-29107,2680.49286633158
IL2021-29115,2681.9535941258146
IL2021-29116,2848.2605105565162
IL2021-29119,2761.2539639611514
IL2021-29134,2401.16240096861
IL2021-29149,2228.9714760116276
IL2021-2915,3668.5744159374954
IL2021-29158,2741.2121720013733
IL2021-2917,4031.59012767657
IL2021-29238,3008.165571294099
IL2021-29313,2308.663928389744
IL2021-29337,2449.2570688689884
IL2021-29351,2414.3158928567464
IL2021-29353,3020.9142424159936
IL2021-29356,2401.1686500989495
IL2021-29420,2918.4684976454832
IL2021-29425,2603.3815827483886
IL2021-29438,2941.416556783941
IL2021-2944,3319.893326906806
IL2021-29441,2774.425422810437
IL2021-29465,2093.668882250304
IL2021-29470,2986.0505278025857
IL2021-2953,2933.622868083938
IL2021-29545,2676.8959910144695
IL2021-29563,3105.999543548197
IL2021-29568,2784.277045471753
IL2021-29622,2256.602417483729
IL2021-29623,1985.5323721845493
IL2021-29630,2494.126403263037
IL2021-29638,2567.521106787335
IL2021-29657,2283.607013427588
IL2021-29659,2572.39028520534
IL2021-29730,1773.1008107375249
IL2021-29823,2976.29633046054
IL2021-29842,2841.245920590049
IL2021-29865,2558.9105576369434
IL2021-29957,3249.682936505921
IL2021-29977,3107.7892629863145
IL2021-30022,3010.232637668715
IL2021-30029,2567.858746406983
IL2021-30079,3261.484947332472
IL2021-30163,3003.3029223176177
IL2021-30170,3158.9175398281304
IL2021-30179,2922.7398272890487
IL2021-3018,3012.1082694708716
IL2021-30208,3519.5225350602414
IL2021-30255,3332.0524852824137
IL2021-30265,3524.897997565321
IL2021-30274,3207.089842885424
IL2021-30331,3482.357926898434
IL2021-30369,4149.426694744781
IL2021-30406,3826.4396107816024
IL2021-30449,3144.614160532239
IL2021-30532,3840.6017034671672
IL2021-30565,3310.8970650103774
IL2021-30578,2725.155461297275
IL2021-30622,3074.384123042837
IL2021-30660,3426.4621474416713
IL2021-30867,2952.897251252716
IL2021-30869,3167.725154684292
IL2021-30921,3668.4084844308773
IL2021-31004,3329.5907955604735
IL2021-31345,2591.5885696520727
IL2021-31356,2347.3726502371646
IL2021-31359,2430.3193632407324
IL2021-31401,2297.7789077996504
IL2021-31405,2139.7822527143803
IL2021-31425,2338.2026860282876
IL2021-31429,1963.144027056294
IL2021-31432,2274.635941073665
IL2021-31531,2545.767783956989
IL2021-31541,2423.926202118213
IL2021-31547,2465.837908644267
IL2021-31560,2628.7237911035013
IL2021-31563,2364.9077056960705
IL2021-31572,2300.018959712136
IL2021-31613,2083.3805825808413
IL2021-31619,1767.0284135857598
IL2021-31763,2594.3846616395476
IL2021-3178,3616.9940964311154
IL2021-31857,2323.0487376542173
IL2021-31901,2803.6563003884175
IL2021-32554,3127.789954565138
IL2021-32646,3360.095272169229
IL2021-3271,2517.359029440387
IL2021-32720,3306.527324858178
IL2021-32845,2936.1511256808617
IL2021-32904,3416.1904409963645
IL2021-32929,3621.807729390355
IL2021-32965,3635.9260875361438
IL2021-32967,3698.1151408295436
IL2021-32969,3434.921408171579
IL2021-33141,3350.1642157571096
IL2021-33161,3523.912960722022
IL2021-33277,3075.82041214171
IL2021-33348,3279.4853710993843
IL2021-33378,2421.7471995683445
IL2021-33409,3111.582089521458
IL2021-33427,2586.964209121583
IL2021-33507,2723.6974438642196
IL2021-33557,2691.3793190632905
IL2021-33647,2887.582867258076
IL2021-33660,3649.391785183586
IL2021-33668,2810.852671282542
IL2021-33673,2611.4015005657343
IL2021-33677,3464.119688192961
IL2021-33678,2948.1785905417128
IL2021-33712,2820.349570097767
IL2021-33722,3177.9528723763087
IL2021-33847,3302.2853058846467
IL2021-33852,3227.1705053384107
IL2021-33856,3260.7275683627454
IL2021-33860,3537.187160017135
IL2021-33861,3310.127151512098
IL2021-33875,3266.7696902891157
IL2021-33933,3778.9900500902677
IL2021-33944,3983.3631862780385
IL2021-33945,3679.5509398970084
IL2021-33954,3377.116024426336
IL2021-34018,3465.0194787706773
IL2021-3403,3493.864537763152
IL2021-3407,3304.587832115953
IL2021-34101,2431.3402722648207
IL2021-34115,3047.5060181669087
IL2021-34119,2560.511348113901
IL2021-34132,2560.6329701159116
IL2021-34163,2681.785323884996
IL2021-34203,3126.0977230965077
IL2021-34207,2182.65787241684
IL2021-34213,3342.312787528569
IL2021-34245,3303.7656094687036
IL2021-34252,2919.0782738457156
IL2021-34260,2929.620904782275
IL2021-34276,2607.616666890923
IL2021-3428,2689.438098790904
IL2021-34322,2621.131627429806
IL2021-34709,2321.7650594714464
IL2021-34720,2310.2490340429854
IL2021-34722,2940.6539241539385
IL2021-34749,3234.9786844393443
IL2021-34808,2321.047059816122
IL2021-34815,2594.157837199695
IL2021-34823,2276.9564376060625
IL2021-34833,2230.9059480855185
IL2021-34837,2387.3801512027253
IL2021-34910,3479.386603022905
IL2021-34922,3154.0893154970254
IL2021-35076,2537.2468250114857
IL2021-35122,2662.691579490236
IL2021-3526,3483.603455704273
IL2021-3532,3378.025243988631
IL2021-35449,2381.6238646653937
IL2021-35538,2659.1405642981417
IL2021-3558,3617.087552357152
IL2021-3563,3367.8738439614685
IL2021-35645,2328.0241408574143
IL2021-35649,2194.326051465001
IL2021-35660,2381.970835437254
IL2021-35661,2409.957411242617
IL2021-35665,2035.0535887981741
IL2021-3567,3289.654668652003
IL2021-35704,2234.455206874324
IL2021-35732,2486.5599016624788
IL2021-35763,2508.3822911585785
IL2021-35909,3091.874979883863
IL2021-3613,3557.0834552303486
IL2021-36161,1805.3479414271603
IL2021-36163,2825.022374375262
IL2021-36257,2895.507365558746
IL2021-36376,3692.367131989457
IL2021-36418,2839.5182079291253
IL2021-36435,3180.7207320288608
IL2021-36441,2529.44438047731
IL2021-36445,2491.3944245805037
IL2021-36466,2598.5811273294407
IL2021-36469,2359.9331312044487
IL2021-36549,2194.437645397059
IL2021-36570,2083.9653061178906
IL2021-36613,2288.8199472187716
IL2021-36630,3226.8839737586213
IL2021-36632,2947.343556903815
IL2021-36639,3117.084929135432
IL2021-36658,2971.144105817162
IL2021-36708,3168.491595140506
IL2021-36723,3157.928037470085
IL2021-36725,2480.340143948868
IL2021-36731,3219.7536017082643
IL2021-36742,2945.8974724990335
IL2021-36747,3432.328826248351
IL2021-36748,3170.3992920573837
IL2021-36756,3501.382905937953
IL2021-36811,3018.089551052595
IL2021-36866,2619.520710625724
IL2021-37047,2726.5200320101903
IL2021-37116,2882.0738224105116
IL2021-37508,3206.7884200830517
IL2021-37516,3758.4654515370394
IL2021-37528,4115.794639872257
IL2021-37545,3417.2657875327086
IL2021-37674,3165.5832303331986
IL2021-377,2864.809480926575
IL2021-37710,2915.348555554875
IL2021-3829,3023.496819756821
IL2021-38603,2702.4335011532885
IL2021-38609,2478.894974778127
IL2021-38661,3374.4274277232876
IL2021-38662,3913.8600246386013
IL2021-38672,3252.8244752199025
IL2021-38714,3791.9046044079623
IL2021-38956,2526.2736101884893
IL2021-38976,2710.483792577446
IL2021-3902,3446.1917525891113
IL2021-39058,2802.6958977639615
IL2021-3906,3683.1841398974675
IL2021-39143,3106.8329578977473
IL2021-39238,2449.7505354008827
IL2021-39253,2656.816763238908
IL2021-3927,3889.677057612187
IL2021-39307,3853.525102286182
IL2021-39325,3317.1263502894467
IL2021-39328,2621.506535301429
IL2021-39337,2852.7699060688888
IL2021-39368,2223.7768667638134
IL2021-39379,3020.3504355898804
IL2021-3941,4249.867364553944
IL2021-39424,2926.286819771965
IL2021-39462,2852.6867256129826
IL2021-39466,3084.3008985594147
IL2021-39469,3246.227514552494
IL2021-39517,2629.6573905991463
IL2021-39533,3161.298425591127
IL2021-39673,3328.6864918047854
IL2021-3978,3109.0106067528986
IL2021-39857,3141.0436375122285
IL2021-39924,2986.10800589695
IL2021-39945,3381.215027327512
IL2021-39950,3021.767213959832
IL2021-39956,3015.9024546900814
IL2021-39970,2981.3388241715734
IL2021-40002,3777.518058476904
IL2021-40042,3928.064074569006
IL2021-4012,2958.8212257059595
IL2021-40138,2707.835678244989
IL2021-40301,3362.5320024628654
IL2021-40317,3115.557049078476
IL2021-40320,3736.535207178156
IL2021-4033,3134.6476199636404
IL2021-40427,2928.519901064111
IL2021-4047,3335.50041571943
IL2021-4049,3466.0701829208438
IL2021-40573,3721.4354809713145
IL2021-40608,3403.422476064017
IL2021-40626,3118.086969102821
IL2021-40635,3274.4827177821353
IL2021-40638,4270.963754463681
IL2021-40641,3909.314223531801
IL2021-40648,4034.019786436591
IL2021-40661,2698.2338385084804
IL2021-40662,3473.637075602098
IL2021-40667,3233.2055439203405
IL2021-40711,2962.270696094633
IL2021-40733,3376.7374823374803
IL2021-40751,2997.202806785544
IL2021-40753,3210.389498625759
IL2021-40761,3158.7601879576064
IL2021-40765,2953.965087725251
IL2021-40813,3237.9459892584564
IL2021-40847,3086.306427730486
IL2021-40858,3324.891757992793
IL2021-40865,3633.2499697629723
IL2021-40869,3749.86580270365
IL2021-40873,3662.6483631166325
IL2021-40877,3348.9668139969685
IL2021-40910,2987.4680947772968
IL2021-40930,2833.1586559858474
IL2021-40938,2812.6192190839197
IL2021-40967,3783.8512371595507
IL2021-41011,3174.9957877672355
IL2021-41207,3898.8019804081077
IL2021-41221,3061.2976835908453
IL2021-41319,3647.127179622937
IL2021-41321,2772.2352924970346
IL2021-41328,3834.5811004123816
IL2021-41331,2890.344504457289
IL2021-41344,2704.875310316689
IL2021-41349,2627.7015789799325
IL2021-41350,3073.183204718781
IL2021-41355,3070.8362754920863
IL2021-41430,3350.985758009811
IL2021-41433,2549.423796487761
IL2021-41437,3007.5274859529145
IL2021-41451,3198.6180012871073
IL2021-41716,2941.2913334992163
IL2021-41718,3156.280532840016
IL2021-41727,2858.3394036987534
IL2021-41738,2461.234052246598
IL2021-41914,3711.941661376558
IL2021-41921,3488.4760517472096
IL2021-41972,3289.188789923462
IL2021-41976,3154.5282547740862
IL2021-42001,3639.852802881584
IL2021-42039,2973.5782914906927
IL2021-42041,3630.2421264251516
IL2021-42045,2938.3190142614935
IL2021-42056,3555.424195557096
IL2021-42061,3588.1651092500356
IL2021-42064,3192.361660497551
IL2021-42067,3487.410769868106
IL2021-42072,3185.983649409007
IL2021-42075,3295.582492216911
IL2021-42108,3392.5182176849016
IL2021-42115,2902.0644868008467
IL2021-42132,3270.023341619108
IL2021-42149,2941.142736384512
IL2021-42227,3466.4328745935013
IL2021-42343,3210.228434070616
IL2021-42346,2863.9844220914174
IL2021-4235,2514.666739102737
IL2021-42360,2836.443902180857
IL2021-42453,3677.3306051190766
IL2021-42522,3792.3533808016928
IL2021-42618,3071.3500555358332
IL2021-4279,2967.0597582002633
IL2021-42959,3062.812749486245
IL2021-4310,2761.3153253029454
IL2021-4312,2844.0740660688843
IL2021-4314,2923.335151572452
IL2021-43172,2597.2689728822434
IL2021-43177,3467.2434909526946
IL2021-43205,2481.951462726004
IL2021-43225,3616.035497002075
IL2021-43231,3402.1166900389226
IL2021-43253,3193.819442891742
IL2021-43257,3172.679955156434
IL2021-43305,2802.26746447689
IL2021-43313,2971.5456048342776
IL2021-43316,3283.732909074268
IL2021-43324,3082.228216256384
IL2021-43330,3862.749217627488
IL2021-43334,3904.2699939331937
IL2021-43336,2993.2623197508974
IL2021-43345,3403.4225609384116
IL2021-43359,2718.85467375602
IL2021-43370,3612.5032872094916
IL2021-43401,3680.6800319674808
IL2021-43404,3321.7869627116074
IL2021-43415,3187.436131029353
IL2021-43417,3703.700165909539
IL2021-43437,3000.888535903892
IL2021-43641,2939.7619211391507
IL2021-43647,3674.2193985927047
IL2021-43669,2987.6077017923863
IL2021-43732,2901.6390976955613
IL2021-43809,2793.9326993703608
IL2021-43810,2958.4999595193053
IL2021-43833,3116.0964543462537
IL2021-43862,3337.787755510473
IL2021-43865,3155.1502159202923
IL2021-43872,3368.981576280954
IL2021-43877,3178.242876083312
IL2021-43878,3421.2204578380665
IL2021-43909,3089.1219096439445
IL2021-43913,3439.833254243434
IL2021-43916,3284.517373582651
IL2021-43921,3700.21591250712
IL2021-43926,4354.325146937208
IL2021-43932,3757.913146097175
IL2021-43938,3499.521129687436
IL2021-43941,3434.7492054268882
IL2021-43945,3301.778910697881
IL2021-43956,3368.7496531775178
IL2021-43960,3390.468837770896
IL2021-43962,3758.520583921855
IL2021-43970,3753.9517248283387
IL2021-43972,3398.7126186786822
IL2021-43973,3541.270057110244
IL2021-44007,3326.100771178295
IL2021-44026,3383.4723853808364
IL2021-44031,3680.205968483855
IL2021-44064,2978.2801674958027
IL2021-44110,2566.933215414456
IL2021-44235,2490.0703278923356
IL2021-44433,3574.6300853544453
IL2021-44530,2836.7714680606314
IL2021-44535,2998.9013023248795
IL2021-44537,2821.7049435317813
IL2021-44542,3355.768629887529
IL2021-44565,2773.393586938022
IL2021-44623,3343.5658954477713
IL2021-44650,3054.0933570917377
IL2021-44653,3444.606733187779
IL2021-44661,2441.2173401777095
IL2021-44705,3037.469934803856
IL2021-44721,2856.367751181037
IL2021-44872,2811.828291862454
IL2021-45112,2820.900703188845
IL2021-45117,2677.4644709120043
IL2021-45172,3023.514998187087
IL2021-45221,3174.4524862369794
IL2021-45344,2850.7791079891376
IL2021-45561,3277.8847662243506
IL2021-45638,4232.882333139389
IL2021-45701,2234.142327452124
IL2021-45901,2735.526470018208
IL2021-45950,3653.203120156608
IL2021-45951,3633.019724470013
IL2021-45957,3734.6412381329646
IL2021-45962,3311.08239129071
IL2021-45972,3460.4658502619636
IL2021-45979,3324.9601745980776
IL2021-46002,3553.604657635275
IL2021-46009,3014.3597499658636
IL2021-46013,2646.326916256327
IL2021-46024,3481.2675504976078
IL2021-46033,3350.4827388255626
IL2021-46035,3046.4091406946004
IL2021-46051,2719.7264206912896
IL2021-46057,3013.2577281603876
IL2021-46132,3166.421021464523
IL2021-46233,3119.1610934490905
IL2021-46237,3287.8712877920516
IL2021-46242,3630.06790249843
IL2021-46245,3587.6585351948106
IL2021-46249,3873.9901442234027
IL2021-46411,2398.802081644567
IL2021-46428,2674.3061983229795
IL2021-46526,3416.126663536407
IL2021-46530,3115.5009618144654
IL2021-46550,3341.7209867825554
IL2021-46563,3603.1186345616447
IL2021-46626,3218.9561741159478
IL2021-46629,2980.881075474535
IL2021-46634,2618.0079254522384
IL2021-46635,3953.731590816819
IL2021-46641,2790.935177588861
IL2021-46659,3270.552972249299
IL2021-46760,3442.907165427359
IL2021-46822,3851.26047936367
IL2021-46842,3291.9555362715273
IL2021-46857,2837.1280285151506
IL2021-46907,2908.5629529528974
IL2021-46908,2543.231832776713
IL2021-46909,3403.2902451228097
IL2021-47050,3031.989413076319
IL2021-47071,2915.095909080099
IL2021-47108,2746.8287764189445
IL2021-47112,3404.9871175617072
IL2021-47129,3520.765940851776
IL2021-47131,3334.8139619557305
IL2021-47141,2935.081229333656
IL2021-47142,3654.756340043029
IL2021-47145,2916.3139089409574
IL2021-47147,3931.311363751024
IL2021-47149,3603.0689647098807
IL2021-4715,3450.7234427729054
IL2021-47156,3148.768159918765
IL2021-47165,3629.739770829492
IL2021-47168,3434.304823863755
IL2021-47227,3470.5747607486346
IL2021-4765,2979.4778488803536
IL2021-4811,2763.9002760075373
IL2021-4851,2494.400369800557
IL2021-4852,2394.140378190287
IL2021-4856,2493.505859390808
IL2021-5009,3834.0651116669346
IL2021-5021,3317.605760528368
IL2021-5047,3404.4531574141815
IL2021-5101,3650.250552978641
IL2021-5108,3474.26565366042
IL2021-5120,3606.4095166412476
IL2021-5364,2651.8445896524695
IL2021-5367,2649.200661784824
IL2021-550,3586.8503164877084
IL2021-5728,2122.6489970757875
IL2021-5753,1987.9483511496496
IL2021-5801,2260.8283663455954
IL2021-5824,2158.1078271752986
IL2021-5833,2452.66792782813
IL2021-5861,2965.0104472145995
IL2021-6042,2403.6853154115893
IL2021-6116,2254.2937101599414
IL2021-6132,3684.0617564713302
IL2021-6212,2820.467564361424
IL2021-6252,2674.240252176745
IL2021-6429,2439.5847607093147
IL2021-6522,2810.9435483204534
IL2021-6525,2751.3673333360466
IL2021-6648,2600.974325165317
IL2021-6761,2019.6924345784018
IL2021-6771,2599.612814017027
IL2021-6802,2640.569711595496
IL2021-6804,2323.6288280657545
IL2021-6811,2718.519878157452
IL2021-6814,2351.9930176504754
IL2021-6841,2390.4892910387916
IL2021-6846,2206.0859533669036
IL2021-6854,2586.355742202384
IL2021-6855,2479.3177942670077
IL2021-6868,2448.36515477276
IL2021-6924,2525.7715043382973
IL2021-6925,2472.80085350898
IL2021-6937,2348.8137160666383
IL2021-6964,2687.2343691217925
IL2021-7009,2801.7620556603415
IL2021-7015,2833.1978886507227
IL2021-7017,2950.667989764226
IL2021-7037,2402.443118917023
IL2021-7223,2608.422602322248
IL2021-7231,2520.249501790559
IL2021-7259,3016.810383145762
IL2021-7261,2771.0901428463176
IL2021-7473,2541.563559902429
IL2021-7544,3523.325068113247
IL2021-7549,2827.044620493601
IL2021-7550,3180.672864616586
IL2021-7562,3246.313715114265
IL2021-7568,3113.283172657614
IL2021-758,2577.962410652594
IL2021-7615,3239.9796506410985
IL2021-7627,3063.3576968273483
IL2021-7630,3047.879994311816
IL2021-7637,3068.575455796763
IL2021-7837,2807.095519123155
IL2021-7948,2869.4405783602083
IL2021-7959,2823.1392150240313
IL2021-8173,2909.633670973382
IL2021-8217,1996.6337515079358
IL2021-8247,2352.7999788293273
IL2021-8249,2479.246983856412
IL2021-8251,2280.024949302893
IL2021-8258,1785.0248288666753
IL2021-827,2397.941862554289
IL2021-8367,2075.7306363210378
IL2021-8368,2347.134319343714
IL2021-8372,2739.16574330516
IL2021-8375,2432.3363726192692
IL2021-8412,2600.633132169389
IL2021-8465,2819.562556428751
IL2021-8468,2800.2670539464652
IL2021-8477,2896.756347742731
IL2021-8718,2732.979415177382
IL2021-8729,2825.324948351851
IL2021-8733,2795.11729969291
IL2021-8739,2852.738602118822
IL2021-8747,3207.9156562187927
IL2021-8749,3483.8689406615117
IL2021-8752,2734.386015338199
IL2021-8804,3222.728594017416
IL2021-8812,2951.513670054087
IL2021-9275,2896.771696328954
IL2021-9317,2618.021413835594
IL2021-9334,3067.0960264785554
IL2021-9345,3085.4170978465995
IL2021-943,2522.2872323224365
IL2021-9478,2863.6915425053776
IL2021-9509,3033.3750954641
IL2021-9524,2902.105311743992
IL2021-9529,2820.8264992486684
IL2021-953,2930.833408738046
IL2023-S10001,2684.92559252889
IL2023-S10005,2933.775914046859
IL2023-S1002,3053.0293982219655
IL2023-S1006,3027.341118555807
IL2023-S101,2896.5807827315857
IL2023-S10105,2757.215040030809
IL2023-S103,2931.09073496172
IL2023-S10301,2799.060606146257
IL2023-S10501,3128.767478611198
IL2023-S10502,2299.5821337817106
IL2023-S10503,2187.4601683670617
IL2023-S10707,3047.377322329777
IL2023-S10801,3066.56341676947
IL2023-S10804,2923.1884530712214
IL2023-S10805,2764.974348026979
IL2023-S10901,2939.609770753938
IL2023-S10903,3126.6554144898046
IL2023-S10905,3063.657021572004
IL2023-S10906,2833.593891690461
IL2023-S10907,3039.824410098564
IL2023-S11001,2775.9625537492816
IL2023-S11002,2720.3120153725326
IL2023-S11006,2848.8389045960466
IL2023-S11007,2536.784972338466
IL2023-S11008,1920.4961474206302
IL2023-S1103,3344.444684908228
IL2023-S11101,3006.067484675844
IL2023-S11103,3645.640544166197
IL2023-S11105,3094.6896535739625
IL2023-S11107,2840.2257779125966
IL2023-S11109,2710.1043621231292
IL2023-S11201,2816.4684404008262
IL2023-S11202,2701.521296703214
IL2023-S11204,3222.0315470838914
IL2023-S11205,2968.1653841364973
IL2023-S11207,3434.5621522473957
IL2023-S11208,2961.2263836261895
IL2023-S11304,2767.1353592746987
IL2023-S11306,2763.3420174748712
IL2023-S11307,3353.2620709286
IL2023-S11308,3096.482529355818
IL2023-S11401,3423.0254419252656
IL2023-S11403,3033.436679742846
IL2023-S11405,3343.876685092142
IL2023-S11406,2889.552969746205
IL2023-S11408,3373.3508928011947
IL2023-S11409,3607.772767176205
IL2023-S11501,3331.409381442458
IL2023-S11502,3301.5087875657464
IL2023-S11503,2866.359620766979
IL2023-S11504,2445.981607845436
IL2023-S11505,2875.336468486297
IL2023-S11506,3153.1171125065794
IL2023-S11507,3084.193705886982
IL2023-S11604,3578.089994525197
IL2023-S11605,2986.0857799693376
IL2023-S11606,2835.252806935225
IL2023-S11701,3170.138915849139
IL2023-S11702,3443.605602391899
IL2023-S11704,2915.3913185654196
IL2023-S11705,2846.147163464544
IL2023-S11706,3236.587325601651
IL2023-S11801,3019.6258781388187
IL2023-S11803,3210.231539793558
IL2023-S11805,3015.1755801429126
IL2023-S11806,3059.7137372308553
IL2023-S11808,3301.3071892931303
IL2023-S11809,2794.004813793541
IL2023-S11810,3086.9150984878156
IL2023-S11910,3194.4043315427334
IL2023-S12007,2766.0288003999135
IL2023-S12008,2843.904686416069
IL2023-S1209,3551.8422648570186
IL2023-S12203,2666.318149054905
IL2023-S12301,2611.2777458174605
IL2023-S12306,3149.7832773906166
IL2023-S12310,2811.2668103051997
IL2023-S12401,2741.7246497546157
IL2023-S12403,2796.1310495582434
IL2023-S12509,2374.159192008544
IL2023-S12605,3019.5449527761534
IL2023-S12606,2545.440984930596
IL2023-S12608,2397.5719285670466
IL2023-S12609,3145.28487020492
IL2023-S12901,3343.0656021197597
IL2023-S12907,3043.1112340402533
IL2023-S1301,2709.4056654570186
IL2023-S1304,2787.9689190082195
IL2023-S13101,3149.3293783094964
IL2023-S13202,2606.4899580705696
IL2023-S13309,2547.070632024286
IL2023-S13402,2960.6216589124433
IL2023-S13406,2834.716711272492
IL2023-S13407,3198.563784866895
IL2023-S13503,3080.346194298965
IL2023-S13802,3346.888525833734
IL2023-S13804,3343.9468701312217
IL2023-S1401,2277.8336016123803
IL2023-S14205,3446.7323003470815
IL2023-S14401,2851.8983419570473
IL2023-S14408,3398.203288591704
IL2023-S14503,3648.189908345678
IL2023-S14504,3365.7734754250678
IL2023-S14702,2573.2622955037723
IL2023-S14801,3438.1599148608384
IL2023-S14802,3661.449885001234
IL2023-S14807,3419.031939201904
IL2023-S15005,2861.228573535951
IL2023-S15009,3415.4300758722766
IL2023-S1502,3057.5371219613944
IL2023-S15108,3296.3847353762976
IL2023-S15109,3407.3003526704897
IL2023-S15203,2645.5309809533323
IL2023-S15602,2947.66952823925
IL2023-S15603,2978.364963821868
IL2023-S15607,2920.096627097383
IL2023-S1601,3546.3672612253445
IL2023-S1602,3256.510046316344
IL2023-S1603,3241.2127821296685
IL2023-S1604,3420.3448309723817
IL2023-S1605,3267.7474172842267
IL2023-S1607,3480.377865671983
IL2023-S1608,3024.1305038329897
IL2023-S16206,2868.6968562615
IL2023-S16302,3003.761144069613
IL2023-S16304,3163.0808032402338
IL2023-S16306,2441.190392408869
IL2023-S16307,2922.4976166107895
IL2023-S16804,2883.266891548724
IL2023-S16805,2934.0825332208306
IL2023-S16807,2629.9812058105317
IL2023-S16808,2769.747689124581
IL2023-S1701,2490.3829408125916
IL2023-S1702,3021.5757992527942
IL2023-S1708,3101.2705009976344
IL2023-S1709,3133.794273546531
IL2023-S18307,2801.048251550004
IL2023-S208,2880.6172859341323
IL2023-S209,3078.8736811624512
IL2023-S2206,3173.7127280911654
IL2023-S2302,2918.885646262465
IL2023-S2401,3305.7450995307063
IL2023-S2404,2620.144973087302
IL2023-S2505,2313.118893450279
IL2023-S2604,2897.47695877839
IL2023-S2607,2767.0136387374782
IL2023-S2610,3009.8869716395507
IL2023-S3002,3332.6034946015834
IL2023-S3003,3414.662922750317
IL2023-S3005,2630.448462249575
IL2023-S303,3105.847632011016
IL2023-S306,2923.7490030893423
IL2023-S307,3141.0158980332453
IL2023-S309,2957.5514170856704
IL2023-S310,2940.0329480855667
IL2023-S3304,2907.428389058037
IL2023-S3310,3112.297377231093
IL2023-S3402,3175.912056560185
IL2023-S3403,3116.6172820453694
IL2023-S3404,3312.185446120635
IL2023-S3407,2985.6796065290496
IL2023-S3504,2805.5009828381535
IL2023-S3505,2949.6340828619213
IL2023-S3510,2713.583166960062
IL2023-S3613,2824.174941781598
IL2023-S4004,3225.9540386534136
IL2023-S406,2449.6278838506823
IL2023-S4102,2481.2077414761447
IL2023-S4104,2671.916298361704
IL2023-S4111,2891.65470787464
IL2023-S4113,2645.3905944361845
IL2023-S4202,2877.3429337205976
IL2023-S4203,3134.913473172548
IL2023-S4302,2987.496036059033
IL2023-S4303,2811.773480808121
IL2023-S4304,3117.2516724416537
IL2023-S4401,2876.3414757864907
IL2023-S4402,3159.6108315328274
IL2023-S4404,3168.9499615917366
IL2023-S4405,3304.907000566302
IL2023-S4408,3164.8572737432223
IL2023-S4411,2802.3741350159494
IL2023-S4507,3301.801200875274
IL2023-S4508,3010.692596644026
IL2023-S4804,2398.1078539295527
IL2023-S502,2602.84264611494
IL2023-S5201,3364.9892611441105
IL2023-S5203,3114.4197469281726
IL2023-S5303,3068.6859149236175
IL2023-S5305,3165.8408523322178
IL2023-S5402,2557.21583503099
IL2023-S5404,2238.385515306505
IL2023-S5506,3140.578967078117
IL2023-S5603,2879.137902001307
IL2023-S5703,2364.500964477815
IL2023-S5706,2581.5623308412123
IL2023-S5801,2947.231074318913
IL2023-S5806,2690.65310207846
IL2023-S5907,2375.3994366671504
IL2023-S5909,3119.274110116862
IL2023-S5910,2843.812196013215
IL2023-S6006,2556.3941540401665
IL2023-S6009,2380.3568589682436
IL2023-S602,2982.999263102501
IL2023-S6102,3470.1137090187476
IL2023-S6104,3184.126907759212
IL2023-S6107,3992.7783935406087
IL2023-S6210,3207.4324849534823
IL2023-S6211,3354.780098606644
IL2023-S6301,2558.7334746051283
IL2023-S6303,2639.9816787667796
IL2023-S6403,2866.382310332242
IL2023-S6604,2335.5575448994405
IL2023-S6608,2116.144138445431
IL2023-S6701,2876.4567979668122
IL2023-S6710,2363.5105115461956
IL2023-S6805,2390.8606589888177
IL2023-S6806,2981.351294198941
IL2023-S6808,2747.6387012282894
IL2023-S6905,3043.9999521771433
IL2023-S6907,2712.367850786134
IL2023-S702,2699.0689066313116
IL2023-S703,2973.4583540283365
IL2023-S7303,2499.268480427414
IL2023-S7304,2217.1036841655196
IL2023-S7305,2524.896203160429
IL2023-S7309,2418.148135606092
IL2023-S7310,2398.252740020781
IL2023-S7401,2763.2608001758244
IL2023-S7404,2603.1551189175425
IL2023-S7502,3520.5071937162847
IL2023-S7804,2867.328940949027
IL2023-S7902,2846.2406430722117
IL2023-S8102,3040.2334296051995
IL2023-S8106,2815.453022987422
IL2023-S8107,3085.554716650304
IL2023-S8111,2844.6212402527726
IL2023-S8204,2711.4883451530995
IL2023-S8404,3121.3456101668266
IL2023-S8508,2786.3442220514244
IL2023-S8604,2678.5861850428123
IL2023-S8701,2980.0300745420595
IL2023-S8806,3598.7137156718754
IL2023-S9006,3508.8473605025038
IL2023-S902,2912.0684197420583
IL2023-S910,2793.084892179517
IL2023-S913,3404.0794793099362
IL2023-S9201,2795.937901694249
IL2023-S9204,2745.070675572736
IL2023-S9301,3390.965095521328
IL2023-S9302,3552.1624847239473
IL2023-S9303,3050.4489928588773
IL2023-S9304,3311.27519379051
IL2023-S9305,3149.0832731551877
IL2023-S9401,3133.2106761340883
IL2023-S9502,2970.4754713113384
IL2023-S9602,3272.2253692988356
IL2023-S9608,2923.4844414964537
IL2023-S9803,3471.340797144584
IL2023-S9804,3313.241262700177
KASKASKIA,2645.2765039417213
OH13-88-61,2804.137041523569
OH15-191-52,2737.8043117945026
Pio 25R74,4563.350621495683
US16-IL-061-029,2845.453702147435
US16-IL-061-032,3061.082997675106
US16-IL-061-046,2499.7859342830006
US16-IL-061-068,2308.8638653057587
US16-IL-061-074,3305.1508860609765
US16-IL-061-075,3496.0919748922306
US16-IL-061-077,2836.0540952674214
US16-IL-061-100,2369.4735245385414
US16-IL-061-102,3148.0816720143926
US16-IL-061-132,3484.918127494396
US16-IL-061-158,3780.6547024355564
US16-IL-061-162,2883.7413752008147
US16-IL-061-179,3331.774086861143
US16-IL-062-031,3273.819248130398
US16-IL-062-068,2949.2828106307497
US16-IL-062-109,2916.702541717786
US16-IL-063-008,3145.3907817251966
US16-IL-063-026,2686.3219961772406
US16-IL-063-030,3161.8209181637617
US16-IL-063-063,3001.63598481877
US16-IL-063-154,2874.7854244985806
US16-IL-063-177,2507.8314931697555
US16-IL-063-234,2540.9501234945096
US16-IL-064-029,2623.2072267236435
US16-IL-064-065,2977.267227636918
US16-IL-064-095,2874.1782697356634
US16-IL-064-160,2816.1571540635277
US16-IL-064-168,2372.417291171265
US16-IL-064-230,3266.9587713240708
US16-IL-064-235,2824.4714977477915
US16-IL-064-248,2742.1205962152217
US16-IL-065-010,2823.5520463724197
US16-IL-065-030,2360.0814876668055
US16-IL-065-037,2321.079563519973
US16-IL-065-111,2496.7774566960043
US17-IL-108-002,3248.8969406983415
US17-IL-108-003,2161.4862263066357
US17-IL-108-005,3102.5578112031276
US17-IL-108-011,3510.80069907952
US17-IL-108-020,2693.5707406911083
US17-IL-108-035,3402.480651776374
US17-IL-108-039,3202.5247742381785
US17-IL-108-047,2481.037427388033
US17-IL-108-050,3535.484235990534
US17-IL-108-059,3507.7786834100207
US17-IL-108-065,3084.6384403932634
US17-IL-108-068,3255.649416754664
US17-IL-108-070,2468.443185178734
US17-IL-109-046,2981.250681841538
US17-IL-109-056,2690.4993544163635
US17-IL-110-041,2497.7648808884314
US17-IL-110-059,2463.881396818053
US17-IL-111-002,3057.0302203562255
US17-IL-111-005,3517.7409092301455
US17-IL-111-006,3803.131617061739
US17-IL-111-007,2604.8998926913087
US17-IL-111-008,2864.686180001497
US17-IL-111-012,3034.947766718204
US17-IL-111-013,2538.428307314992
US17-IL-111-015,3819.407550703332
US17-IL-111-019,3618.534962743538
US17-IL-111-024,2872.3925720724333
US17-IL-111-025,3291.5973016889448
US17-IL-111-028,4098.817691353415
US17-IL-111-031,2514.0496122067448
US17-IL-111-042,2714.313210711784
US17-IL-111-049,2996.4933001200866
US17-IL-112-002,2686.1841533423894
US17-IL-112-013,2831.9764524998277
US17-IL-112-029,2474.996307661579
US17-IL-112-035,3316.24734350411
