germplasmName,prediction
IL02-18228,5624.03735718958
IL07-19334,6228.1254732102725
IL07-20728,6918.7270147075305
IL07-4415,6001.4265942644415
IL12-26004,6687.860126258804
IL14-11830,6101.913741310442
IL16-10427,4855.882224042498
IL16-11226,5066.0144242710085
IL16-18648,5696.953541643471
IL16-21764,7012.221807959679
IL16-22039,5849.751711815561
IL16-23941,5860.652646834573
IL16-23972,5790.985364681067
IL16-30848,5402.639779243463
IL16-36048,6117.405790238221
IL16-36176,6115.057170583888
IL16-36206,6111.576880982981
IL16-36752,6201.358197284563
IL16-8048,6556.654202341546
IL16-8605,6262.296317777018
IL16-8737,6261.880925726897
IL16LCSDH-01-T-863-10,6284.444254588572
IL16LCSDH-01-T-863-121,6085.719246835858
IL16LCSDH-01-T-863-32,6025.953100271589
IL16LCSDH-01-T-863-5,6363.13463700565
IL16LCSDH-01-T-863-52,6433.401382677022
IL16LCSDH-01-T-863-58,6081.970885899354
IL16LCSDH-01-T-863-6,5651.040899099335
IL16LCSDH-01-T-863-63,6544.144720228256
IL16LCSDH-01-T-863-69,6157.734328418649
IL16LCSDH-01-T-863-72,6975.303620974344
IL16LCSDH-01-T-863-87,6193.303908655983
IL16LCSDH-02-T-864-20,6334.81942544109
IL16LCSDH-02-T-864-27,5889.370016333543
IL16LCSDH-02-T-864-37,6571.616708939597
IL16LCSDH-02-T-864-38,6729.673361029136
IL16LCSDH-02-T-864-5,6143.791443932956
IL16LCSDH-02-T-864-59,6962.623617459443
IL16LCSDH-02-T-864-6,6578.137354866217
IL16LCSDH-02-T-864-8,6759.409804844529
IL16LCSDH-03-T-865-28,6998.532538493391
IL16LCSDH-03-T-865-35,6478.01358232042
IL16LCSDH-03-T-865-36,6001.230387346863
IL16LCSDH-03-T-865-40,6696.847556447242
IL16LCSDH-03-T-865-65,6019.560827773442
IL16LCSDH-04-T-2659-20,7209.1316580311595
IL16LCSDH-04-T-2659-207,6608.367918723142
IL16LCSDH-04-T-2659-216,7071.67113559199
IL16LCSDH-04-T-2659-225,7314.554837838228
IL16LCSDH-04-T-2659-231,6512.833624574424
IL16LCSDH-04-T-2659-232,7000.436789578547
IL16LCSDH-04-T-2659-3,6814.508317112701
IL16LCSDH-05-T-2660-3,6978.074363684368
IL16LCSDH-06-T-2661-12,6881.2931805903245
IL16LCSDH-06-T-2661-17,6218.818278392014
IL16LCSDH-06-T-2661-19,6162.242218322165
IL16LCSDH-06-T-2661-202,6374.213469484711
IL16LCSDH-06-T-2661-206,6831.271197448356
IL16LCSDH-06-T-2661-212,5940.440261735656
IL16LCSDH-06-T-2661-228,6299.2011625519135
IL16LCSDH-06-T-2661-234,6201.9419185072475
IL16LCSDH-06-T-2661-52,6554.283172936354
IL16LCSDH-06-T-2661-9,6621.971860937867
IL16LCSDH-07-T-2662-201,7126.274765619056
IL16LCSDH-07-T-2662-202,6943.29675929034
IL16LCSDH-07-T-2662-203,6941.364286129997
IL16LCSDH-07-T-2662-21,6429.814720305477
IL16LCSDH-07-T-2662-222,6612.697921433838
IL16LCSDH-07-T-2662-225,6645.645354046578
IL16LCSDH-07-T-2662-23,6341.940596700244
IL16LCSDH-07-T-2662-237,6468.507295327382
IL16LCSDH-07-T-2662-241,7123.7027265892075
IL16LCSDH-07-T-2662-31,6582.816935815839
IL16LCSDH-07-T-2662-43,6625.814137321063
IL16LCSDH-07-T-2662-47,7226.428231968549
IL16LCSDH-08-T-2663-55,7209.2974007767525
IL16LCSDH-09-T-2664-16,7433.526467529199
IL16LCSDH-09-T-2664-18,6870.243746308911
IL16LCSDH-09-T-2664-20,7016.982751186526
IL16LCSDH-09-T-2664-23,7138.939827542457
IL16LCSDH-09-T-2664-24,7140.221685775221
IL16LCSDH-09-T-2664-27,7225.816044155819
IL16LCSDH-09-T-2664-28,7133.250592100857
IL16LCSDH-09-T-2664-30,7773.255186884351
IL16LCSDH-09-T-2664-36,7060.451796699286
IL16LCSDH-09-T-2664-40,7140.849930965505
IL16LCSDH-09-T-2664-43,7027.721330255748
IL16LCSDH-10-T-2665-19,6585.811516073878
IL16LCSDH-10-T-2665-20,6384.776131165134
IL16LCSDH-10-T-2665-21,7076.209895149008
IL16LCSDH-10-T-2665-22,6905.443440722338
IL16LCSDH-10-T-2665-41,6486.09496611457
IL16LCSDH-10-T-2665-42,6522.997625064001
IL16LCSDH-10-T-2665-52,5895.653848412162
IL16LCSDH-10-T-2665-54,6378.502405321148
IL16LCSDH-10-T-2665-69,5646.256172776057
IL16LCSDH-10-T-2665-70,6618.478564932708
IL16LCSDH-10-T-2665-75,6055.478548940073
IL16LCSDH-10-T-2665-8,6250.336658536319
IL16LCSDH-11-T-2666-206,7359.694474421607
IL16LCSDH-11-T-2666-208,7301.749278648482
IL16LCSDH-11-T-2666-212,6835.192919357612
IL16LCSDH-11-T-2666-220,6402.564945624873
IL17-10964,6467.546295584143
IL17-12172,5511.750361031972
IL17-12564,6179.379056406319
IL17-12623,6237.915410712341
IL17-12954,6632.074961631496
IL17-13024,5902.0867469129
IL17-13938,5992.185228074516
IL17-15352,6604.744381223005
IL17-15667,5933.501342291159
IL17-17526,6040.298652070117
IL17-17739,5655.8202731229085
IL17-18159,6105.537497927027
IL17-18176,6294.457509627072
IL17-18320,5486.846318536904
IL17-18529,5775.839768349507
IL17-18534,6038.8120760629345
IL17-19355,6188.075154949993
IL17-19939,5457.207043399693
IL17-20035,6039.070570407256
IL17-20346,5874.789438975114
IL17-20426,6260.641393200757
IL17-20472,5631.519191188617
IL17-21447,5691.592136878758
IL17-21812,6919.119530643907
IL17-22168,5782.810657283231
IL17-23868,4832.16719586943
IL17-23874,5152.684907634867
IL17-23902,5318.816656722792
IL17-23904,5519.65863377212
IL17-23912,5640.582750556865
IL17-24508,5770.93470533746
IL17-24663,5950.809269984373
IL17-24977,5654.581403988663
IL17-25205,6561.460555893982
IL17-25738,5445.789696063522
IL17-25927,5273.61357936677
IL17-25930,6431.10967191437
IL17-26647,6068.6683243112275
IL17-26648,5698.017506616861
IL17-27510,5715.571929759281
IL17-27649,5683.491676210355
IL17-27660,6157.22778378792
IL17-27914,6247.559101340074
IL17-28445,6038.657811576891
IL17-2920,6217.803156718588
IL17-29513,5885.195067371742
IL17-29544,6052.485976963997
IL17-30178,6899.23519608953
IL17-30209,6462.551824549715
IL17-30219,6480.740434165555
IL17-30322,6325.563259865302
IL17-30333,5791.830742580493
IL17-30335,5810.710780038172
IL17-31124,5102.148530559288
IL17-31229,6232.482701506758
IL17-31374,6456.998139853982
IL17-31541,5675.453923358148
IL17-31555,5744.464341309613
IL17-31616,6060.006806365447
IL17-5643,6633.5840375266125
IL17-6412,5942.693455716786
IL17-6863,5885.269753259838
IL17-7136,5294.477972336508
IL17-7976,5147.657635860713
IL17-7978,5151.413373332742
IL17-8004,4947.648702228694
IL17-8057,6187.9727299681645
IL17-8626,5814.452717029349
IL17-9320,5816.434250580188
IL17-9832,6245.722443103883
IL18-1010,4995.377213027962
IL18-10212,5371.748525441104
IL18-10216,5956.02058739802
IL18-10732,5642.3262637009275
IL18-10753,6125.264853176151
IL18-10767,5892.2764904347505
IL18-10768,6076.758181695977
IL18-10915,5967.719101313161
IL18-11122,5184.462752075818
IL18-11533,4644.265801951629
IL18-11815,6125.970254494973
IL18-12001,5985.624935645535
IL18-12022,5761.619828878984
IL18-12068,5871.651857448172
IL18-1250,4821.525471609486
IL18-12563,5837.565708228578
IL18-12610,5467.817377705173
IL18-12627,5594.297652580434
IL18-12756,5930.300819668595
IL18-12772,5640.545048663766
IL18-12804,5498.282519543609
IL18-12809,5431.419034860096
IL18-13012,6025.207411944609
IL18-13061,6164.843087300416
IL18-13117,7023.858688768483
IL18-13372,6074.744069914093
IL18-13420,5785.443899759812
IL18-13635,6014.623685040092
IL18-13748,5807.761229459186
IL18-13756,5670.236726934605
IL18-13765,5496.579238371096
IL18-13852,6054.828418007519
IL18-13954,5741.0863638948
IL18-13962,5906.682908931873
IL18-13965,5463.318729986607
IL18-14035,5973.391355590953
IL18-14054,6356.625401966525
IL18-14141,6189.646309206539
IL18-14209,6171.331307599563
IL18-14238,5374.646355702617
IL18-14311,6390.3894495163295
IL18-14362,6221.003300464882
IL18-14363,6292.1206779703525
IL18-14524,6099.051983650447
IL18-14532,5479.6110586155455
IL18-14535,6020.54555429971
IL18-14538,5896.045575544189
IL18-14620,5613.590723156905
IL18-14905,6239.329959392899
IL18-14932,5600.70542495582
IL18-15021,5947.876293088443
IL18-15042,5705.373327011095
IL18-15135,5519.5074198123675
IL18-15157,6109.613558845517
IL18-15172,5965.865679892183
IL18-15275,5014.102375892584
IL18-15372,5645.001121994367
IL18-15708,5831.396802160956
IL18-15716,6181.076369883369
IL18-1577,5501.660270553149
IL18-15957,6081.2139592736075
IL18-16254,5484.2937699307
IL18-16345,6069.245079409354
IL18-16479,5999.605458610374
IL18-16828,5834.825116026375
IL18-16837,5916.809423652589
IL18-17108,5706.6580384993
IL18-17119,5643.92663363877
IL18-17141,6051.025718486262
IL18-17244,6579.435524131243
IL18-17905,6777.622801326424
IL18-19625,5849.433801694429
IL18-19667,5763.287578202826
IL18-19907,5913.692828107645
IL18-20729,6560.991203346297
IL18-20951,6183.878260843025
IL18-21154,6025.9104130796795
IL18-22132,6200.316493074555
IL18-22144,5449.327410322826
IL18-22750,6682.736945743808
IL18-22767,6179.868885701349
IL18-22976,6470.371175261413
IL18-23224,6248.994592667565
IL18-23760,5971.727042558157
IL18-23779,6116.632032539153
IL18-24331,6388.443172016003
IL18-24375,5201.71150781131
IL18-25521,5869.348978607088
IL18-26037,6775.40650797124
IL18-26766,5889.7545234066765
IL18-2677,6438.116550881114
IL18-27460,6025.881236798291
IL18-28930,6973.121378861671
IL18-28931,6638.159579186871
IL18-4360,5290.008331168231
IL18-4910,5535.9854332083405
IL18-5066,5315.059617798621
IL18-5160,5307.248105569072
IL18-5270,5539.139779391145
IL18-5304,5424.000256187737
IL18-5737,5815.7612821079665
IL18-5837,6016.590640119454
IL18-6079,6167.162928373787
IL18-6274,6611.8783847984405
IL18-6551,5988.664137842107
IL18-6651,5848.233076647559
IL18-6852,5519.0721109826
IL18-6860,5683.994534385155
IL18-7235,6077.999210954651
IL18-7320,6269.002093476068
IL18-7518,5664.208239162505
IL18-7675,6027.954931607702
IL18-7750,5620.757772760367
IL18-7928,5332.108283700094
IL18-7943,5403.587069868452
IL18-8174,5205.374956713851
IL18-827,6948.955527418601
IL18-8328,6082.770586777785
IL18-8359,5437.233413559448
IL18-842,6195.658601098909
IL18-8632,5948.28008608383
IL18-9009,5515.228638444752
IL18-9035,5743.0359819526775
IL18-904,4897.421101815702
IL18-9355,6159.304488368844
IL18-956,5613.596316785188
IL18-957,5180.509214308851
IL18-9724,6118.596114717831
IL18-9949,6182.4025381871525
IL18MSFRS-18,6730.7827112539135
IL18MSFRS-29,6052.657300800528
IL18MSFRS-32,6715.816750927711
IL18MSFRS-36,6754.264790765405
IL18MSFRS-50,6510.5771708413
IL18MSFRS-53,5877.307730002976
IL18MSFRS-60,6414.242234977237
IL18MSFRS-66,5589.094192167833
IL19-10123,5866.123330188989
IL19-10136,5132.996080722818
IL19-10141,5787.273918719885
IL19-10142,5490.291143198386
IL19-10151,5618.164742070074
IL19-10168,5244.656011706662
IL19-10169,6038.546104756824
IL19-10173,5601.191946712032
IL19-10236,5786.485346865983
IL19-10259,5546.420821876524
IL19-10905,5607.000334632214
IL19-11645,6081.700183687918
IL19-11647,5961.1591829736735
IL19-11770,6508.831507861358
IL19-11773,6177.164674281847
IL19-11804,6195.385293714951
IL19-12420,5791.411188742638
IL19-12604,6275.280312191918
IL19-12615,6540.880954623377
IL19-12622,6262.024864321241
IL19-12659,6257.872471624007
IL19-12749,5956.550143818954
IL19-12830,5810.156009519708
IL19-12849,6419.147389769009
IL19-12926,5580.854734028856
IL19-12935,5890.883216155989
IL19-13048,5864.626650794058
IL19-13414,6177.649419337189
IL19-13430,6192.9524879636265
IL19-13434,6373.935355953989
IL19-13447,6170.242423030382
IL19-13451,6061.481168844596
IL19-13706,6104.652273092524
IL19-13707,5703.781690982592
IL19-13713,5626.139638997216
IL19-13748,5613.438543989845
IL19-13752,5924.077309713477
IL19-13778,5539.552252928218
IL19-13936,5867.778397863467
IL19-13942,6285.8527931377175
IL19-13961,6190.659315794424
IL19-13965,5622.4085445249875
IL19-13978,5838.392801501602
IL19-14359,5793.925656441244
IL19-14605,7210.597933759556
IL19-14617,5831.7260861339755
IL19-14845,6502.954875205045
IL19-14856,5933.506274862105
IL19-14933,6550.101061738731
IL19-15017,6255.476666576372
IL19-15201,5315.733841147929
IL19-15209,5705.07237409677
IL19-15327,5954.850523324242
IL19-15330,6107.744941082181
IL19-15338,6268.104804873718
IL19-15344,6218.378991982974
IL19-15472,5690.491071427801
IL19-15728,6085.105997955811
IL19-15751,6059.591117492551
IL19-16059,6232.709444636113
IL19-16064,6206.660254515191
IL19-16068,5752.706320365867
IL19-16107,6046.606973855603
IL19-16129,5596.622519003461
IL19-16136,5988.373250097768
IL19-16139,5206.0660814416015
IL19-16142,5740.2368982046055
IL19-16152,5780.9355119875545
IL19-16176,6116.710714923727
IL19-16279,6195.499460743339
IL19-16325,6384.441319887237
IL19-16335,5388.836333403528
IL19-16368,5923.096338501968
IL19-16848,6074.016608203736
IL19-16856,5927.356956119274
IL19-16860,6008.309226640015
IL19-16953,5552.634062698851
IL19-17009,5718.683101672168
IL19-17038,5915.289628692686
IL19-17041,5964.016459983132
IL19-17043,6263.1974536674115
IL19-17048,6143.77589959967
IL19-17051,6326.346064889239
IL19-17201,5659.172408490735
IL19-17546,6237.723343758967
IL19-17649,5709.417324609605
IL19-17662,6228.391758791151
IL19-17813,5995.548809099946
IL19-17815,5879.594762663782
IL19-17817,5857.172130162913
IL19-17823,5356.052609862498
IL19-17828,6084.002520677141
IL19-17829,5896.3208619271245
IL19-17929,5755.07639919716
IL19-18024,5766.609908013803
IL19-18141,5763.31976296288
IL19-18151,5744.615412574243
IL19-18152,5766.835093385117
IL19-18153,5851.038070783651
IL19-18156,5964.117069549828
IL19-18157,5583.924712407683
IL19-18326,5999.483749977747
IL19-18328,6074.934005762016
IL19-18725,6299.224560325891
IL19-18813,5849.639781516425
IL19-18826,6122.846659402619
IL19-18830,6333.333177852499
IL19-18832,5749.655438032601
IL19-18837,6394.7336317044965
IL19-18905,5844.611474202605
IL19-18938,5265.4505090706925
IL19-18954,5632.4560645999645
IL19-18957,5480.867889756769
IL19-18958,6253.278328670833
IL19-18972,5555.731762148873
IL19-19146,5663.0229260024935
IL19-19159,5647.857933803616
IL19-19160,5463.681180402737
IL19-19205,6165.791003997689
IL19-19276,6114.127851610117
IL19-19324,5746.672274178525
IL19-19327,5718.386201653287
IL19-19341,5747.500965401559
IL19-19413,5992.040532949143
IL19-20069,5561.63054643628
IL19-20203,5608.092743640378
IL19-20231,5546.443087027326
IL19-20306,5753.021727600123
IL19-20311,6006.7988190077795
IL19-20315,5781.946636865474
IL19-20326,6365.622716192015
IL19-20337,5832.354012240428
IL19-20342,6282.612489517756
IL19-20348,5743.399102445131
IL19-20350,5960.384625172312
IL19-20402,6271.102502696916
IL19-20562,5687.429124555512
IL19-20648,5816.614027446136
IL19-21341,5103.775612371038
IL19-21360,5249.69856346125
IL19-21364,5075.420330454435
IL19-21372,5591.611977591763
IL19-21425,5391.870255990501
IL19-21445,5835.083470912999
IL19-21462,5722.215966169389
IL19-21467,5702.2509092903665
IL19-21556,5891.588204147257
IL19-21559,6117.552816397502
IL19-21570,5831.004766063451
IL19-21574,5868.093268725084
IL19-21575,5670.112798539275
IL19-21629,5506.266121735349
IL19-21632,5654.425145999803
IL19-21633,5281.420639241118
IL19-21652,6124.3690854161105
IL19-21717,6060.826769481177
IL19-21722,5244.489500716995
IL19-21724,5835.399122597858
IL19-21731,5784.779580638651
IL19-21744,5326.282393053543
IL19-21756,5832.041938070172
IL19-21760,5829.804890376105
IL19-21765,5403.1797538945475
IL19-21815,5285.768022834543
IL19-21821,5664.800963816302
IL19-21829,5588.997229702506
IL19-21846,5593.397274237989
IL19-21848,5661.324646727878
IL19-21865,5466.933522517998
IL19-21924,5285.860635752887
IL19-22105,5731.290018336506
IL19-22112,5656.875429178266
IL19-22124,6332.092975488115
IL19-22649,5950.979938903673
IL19-22665,5536.901462140644
IL19-22741,5431.536985254728
IL19-22742,5803.099220595317
IL19-22744,5790.088925886439
IL19-22757,5462.194591940414
IL19-22767,6053.241032258331
IL19-22846,5285.5725531049375
IL19-22975,5632.947470137812
IL19-23012,5874.071817172301
IL19-23019,5540.99637374773
IL19-23055,6176.135421870247
IL19-23059,5800.05976831304
IL19-23064,5903.821072548994
IL19-23069,6145.182330250246
IL19-23077,5728.270531762053
IL19-23112,5751.813849056414
IL19-23246,5890.985086273544
IL19-23251,5956.39655998858
IL19-23336,6230.32108834591
IL19-23337,6396.2908942047225
IL19-23350,6276.837827012384
IL19-23716,5458.031846040165
IL19-23829,5516.11823459293
IL19-23833,6116.3625684798
IL19-23851,5715.889962358651
IL19-23853,5971.11130592861
IL19-23855,6180.3401262503285
IL19-23871,5648.065852707509
IL19-23904,5383.587244584266
IL19-23908,6031.780110944421
IL19-23912,5754.528727544995
IL19-24047,5849.365944853085
IL19-24048,5748.708451087873
IL19-24051,6224.161946965205
IL19-24061,5927.96303590405
IL19-24076,5942.609612499972
IL19-24106,5921.5330178141885
IL19-24170,5484.191855596962
IL19-24261,5854.14637647872
IL19-24267,5550.686849703203
IL19-24268,5523.688690414329
IL19-24275,6040.297701702181
IL19-24306,5904.189498197071
IL19-25126,7003.678979882667
IL19-25145,5770.89994471279
IL19-25162,5607.00394912049
IL19-25201,5628.338718505736
IL19-25205,6075.7851991831685
IL19-25237,5499.625581164001
IL19-25245,6152.850562361041
IL19-25322,5679.4887407974
IL19-25448,6080.46573242997
IL19-25464,6141.061399102567
IL19-25469,6103.399055370713
IL19-25743,5878.3068644217965
IL19-25764,5920.35747391755
IL19-26345,5748.863738044647
IL19-26452,5957.907046970801
IL19-26456,5972.933215312643
IL19-26709,5583.991782456113
IL19-27409,5767.103695566584
IL19-27466,6463.869354847519
IL19-27478,6041.418585726229
IL19-27565,6322.944223232825
IL19-27722,5742.2150951884505
IL19-27910,5982.929104181567
IL19-27944,5626.764708928191
IL19-28147,5303.921906512705
IL19-3269,6196.187559694112
IL19-3453,5431.243538026405
IL19-3462,5887.885372761979
IL19-3502,6010.838301974857
IL19-3505,5781.741947536298
IL19-3510,5732.167688674059
IL19-3528,6426.052937075169
IL19-3538,6809.536915806699
IL19-3904,6177.981072207076
IL19-3920,5586.244993594385
IL19-3926,5981.632144062085
IL19-3937,6030.698176221428
IL19-3943,5963.79046898705
IL19-3948,5818.673037922889
IL19-4014,5800.833038864317
IL19-4134,5681.2000166800135
IL19-4141,5601.7817368252
IL19-4151,6068.894578098187
IL19-4176,6362.560813910981
IL19-4224,5960.893381912692
IL19-4236,5671.522598773401
IL19-4238,6097.681030826901
IL19-4462,5458.571065502981
IL19-5009,5496.182356674781
IL19-5041,5479.634879065201
IL19-5117,5713.461630127916
IL19-5122,6273.506678220522
IL19-5152,5797.771292079178
IL19-5417,6030.186343869485
IL19-5441,5935.037344965574
IL19-5466,6157.26360117446
IL19-5549,5920.774343722841
IL19-5558,5894.346283716252
IL19-5632,6219.7892285765
IL19-5637,5561.67135143026
IL19-6113,6019.672815362918
IL19-6308,5560.894761439338
IL19-6532,6085.60703985173
IL19-6559,5912.927558811507
IL19-6607,5751.612482794871
IL19-6637,5897.779022681983
IL19-6658,5422.371087191395
IL19-6704,5426.798838689247
IL19-6946,6721.888849215224
IL19-7252,6139.508577111685
IL19-7258,5984.10811072176
IL19-7303,6202.273172607449
IL19-7854,6150.549357760752
IL19-8449,5819.728711294126
IL19-8477,5605.851857364886
IL19-8817,6249.733546439828
IL19-8827,5789.8781426942605
IL19-8870,5197.233463266011
IL19-8871,5616.780886218182
IL19-8909,5582.141765189317
IL19-8928,5539.006457076299
IL19-9234,5796.048832532036
IL19-9608,6461.540455396423
IL2021-13707,6633.353990322063
IL2021-13713,7131.464840004995
IL2021-15134,7120.293862000963
IL2021-15254,7227.054511408524
IL2021-16415,7467.758118501435
IL2021-16452,6663.9689593479925
IL2021-16612,7398.9235905516725
IL2021-16676,7450.89522706678
IL2021-16726,6973.139285526724
IL2021-17475,7343.084017613345
IL2021-17749,7005.119184813635
IL2021-17859,7082.729562333434
IL2021-17958,7371.179647601904
IL2021-18451,7171.717697735548
IL2021-18457,7244.370583728528
IL2021-22113,6323.170510898598
IL2021-22316,7124.967148810047
IL2021-24143,6872.654422158267
IL2021-24241,6936.00912017341
IL2021-26834,6779.725720458056
IL2021-27466,7379.944671624304
IL2021-28712,6694.120962830975
IL2021-28801,6818.172364255103
IL2021-32902,6673.44137935757
IL2021-34113,7000.965854071209
IL2021-35723,6403.679575303811
IL2021-37737,6846.350602437731
IL2021-41721,6533.256546200358
IL2021-44005,7309.248748313205
IL2022-10006,6914.036904696406
IL2022-1005,6884.609129489815
IL2022-10072,7273.811602719115
IL2022-10131,6178.391822495877
IL2022-10176,7142.899949022686
IL2022-10178,7254.808161255491
IL2022-1018,6466.254536551303
IL2022-10212,6515.3727938044285
IL2022-10225,7081.033536573353
IL2022-10232,7599.376501278195
IL2022-10239,7369.514808351633
IL2022-10244,7228.492632378739
IL2022-10260,7223.66397456555
IL2022-10264,6632.80315993293
IL2022-10310,7972.82768384295
IL2022-10318,7325.951370877582
IL2022-10352,7245.443309888236
IL2022-10377,6509.35600184728
IL2022-10404,7053.786087945153
IL2022-10405,7800.339410072747
IL2022-10413,7612.065109932428
IL2022-10450,7421.67428623376
IL2022-10460,7079.239363540424
IL2022-10508,6616.451723592357
IL2022-1056,7393.687639934014
IL2022-10577,6233.70481457531
IL2022-10625,6943.5827291342675
IL2022-10648,6316.930209709331
IL2022-10669,7362.25176553023
IL2022-10703,6334.039947985326
IL2022-10716,6907.136846990944
IL2022-10744,7139.681785920748
IL2022-10821,7156.671719800095
IL2022-10829,7011.541337124053
IL2022-10834,7144.486530201739
IL2022-10837,6600.84906985203
IL2022-10841,6440.846097030323
IL2022-10948,7000.640820084169
IL2022-11016,7156.266931509681
IL2022-11020,6850.306021918505
IL2022-11028,7469.9733925973505
IL2022-11032,7546.9510060173325
IL2022-11058,6152.178355521917
IL2022-11064,6579.309761512809
IL2022-11109,6929.344643995166
IL2022-11165,7308.3650164146375
IL2022-11205,7019.4630898585
IL2022-11306,6196.171583451776
IL2022-11324,6673.970529107566
IL2022-11331,6999.90268866302
IL2022-11334,7123.608610430532
IL2022-11337,7528.07993517063
IL2022-11348,6391.577512437805
IL2022-11349,6607.260551117466
IL2022-11443,7189.027912902834
IL2022-11457,7174.7267085485155
IL2022-11462,7633.694427698778
IL2022-11465,7236.39720969673
IL2022-11469,6485.604796947893
IL2022-11508,6962.804205024214
IL2022-11520,7145.1403871773255
IL2022-11527,6708.688232211893
IL2022-11535,5808.192534166764
IL2022-11561,6569.511779224976
IL2022-11566,6509.90212956042
IL2022-11571,7075.852932441702
IL2022-11621,6481.469815041863
IL2022-11669,6827.452775409258
IL2022-11724,6662.230957468381
IL2022-11816,7266.172218020197
IL2022-11818,6337.688876610391
IL2022-11828,6417.874934262985
IL2022-11908,7085.03988347842
IL2022-11918,6863.39368031186
IL2022-11938,6344.768841113854
IL2022-11971,7612.9847294709825
IL2022-120,6538.459986020661
IL2022-12028,7094.598814910539
IL2022-12030,6871.482430256412
IL2022-12034,7157.39313107091
IL2022-12044,6736.617805585468
IL2022-12047,6569.845947865892
IL2022-12064,7067.945566069866
IL2022-12067,6531.1150427846005
IL2022-12079,7688.886128725886
IL2022-12112,6611.300058112474
IL2022-12170,7184.238358504981
IL2022-12203,5730.730410642869
IL2022-1224,6894.319437747585
IL2022-12263,6650.3161820953565
IL2022-12347,6696.898072081203
IL2022-12349,6784.874751796424
IL2022-12353,7088.995824105562
IL2022-12364,7169.910541739837
IL2022-12417,6649.457203780912
IL2022-12621,6919.717390408417
IL2022-12637,6927.775793602305
IL2022-12644,6167.33322184274
IL2022-12650,6273.717424034629
IL2022-12654,6980.710856293721
IL2022-12702,6932.924025524769
IL2022-12713,7494.998160837158
IL2022-12728,7008.088919723637
IL2022-12730,7808.359921378219
IL2022-12753,7323.758275483429
IL2022-12832,7551.274973269649
IL2022-12879,7205.888185242489
IL2022-12903,7301.534310869583
IL2022-12920,6960.2319900602815
IL2022-12926,7429.043903261767
IL2022-12929,7074.914345378424
IL2022-12933,6998.9233482908085
IL2022-12935,6744.079153678408
IL2022-12949,6853.615915528521
IL2022-13016,6196.418477498687
IL2022-13050,5994.064267319446
IL2022-13055,7220.816344239978
IL2022-13060,6362.594143286627
IL2022-13113,6467.3452556585835
IL2022-1312,7163.10491288473
IL2022-13138,6491.811001300261
IL2022-13149,6573.604452253693
IL2022-13172,6237.042893632757
IL2022-13243,6972.6367153593155
IL2022-13361,7049.418870899392
IL2022-13428,7338.202798628602
IL2022-13476,7280.478704711213
IL2022-13512,7240.506537739398
IL2022-13524,6796.964253720123
IL2022-13548,6007.345839652511
IL2022-13554,6530.935633235844
IL2022-13558,6434.883671834647
IL2022-13572,6238.104487897714
IL2022-13604,7525.783352679451
IL2022-13608,7532.88871930485
IL2022-13732,7060.287158625529
IL2022-13738,6973.515754176652
IL2022-13739,7034.651658310675
IL2022-13746,6770.064597676332
IL2022-13751,7462.069863335153
IL2022-13756,6806.51172004826
IL2022-13771,7357.0241387641
IL2022-13776,5482.102897953611
IL2022-13824,5345.440612424906
IL2022-13835,7278.508300137554
IL2022-13869,7638.510982490547
IL2022-13912,6760.568384385846
IL2022-13915,6354.378705719142
IL2022-13939,6870.244798724894
IL2022-13959,7213.792086431149
IL2022-14012,6994.563701278712
IL2022-14110,6842.015699616105
IL2022-14119,6468.556930385213
IL2022-14137,7231.02846185926
IL2022-14172,6357.262332626943
IL2022-14223,7004.066742167703
IL2022-14232,6064.856157545324
IL2022-14264,6875.215179089187
IL2022-14268,7546.808362721142
IL2022-14271,6139.202115589844
IL2022-14306,6604.01272953055
IL2022-14315,6697.814208544177
IL2022-14320,7173.850268257333
IL2022-14347,7368.4405601892595
IL2022-14361,6833.587955348028
IL2022-14401,7392.364830390795
IL2022-14421,7372.831193364485
IL2022-14575,7091.794297268386
IL2022-1464,7510.215882987904
IL2022-14756,7884.968876842397
IL2022-14804,6999.3313249267685
IL2022-14832,6486.862627379656
IL2022-14846,6682.145664933873
IL2022-14871,7055.208795122128
IL2022-14912,7277.468029679947
IL2022-14924,7402.819678695517
IL2022-14944,6742.455388419012
IL2022-14945,7216.905043669619
IL2022-14949,7427.83987198459
IL2022-15005,7305.416324433805
IL2022-15017,6539.385052513975
IL2022-15028,6565.167158605326
IL2022-15043,6771.516959265223
IL2022-15074,6307.010815193706
IL2022-15108,6863.11308541278
IL2022-15115,6765.528673921555
IL2022-15148,6368.725667891308
IL2022-15151,7089.431227107594
IL2022-15167,6636.907676510685
IL2022-15174,6934.441342351272
IL2022-15179,7165.30948161899
IL2022-1521,6945.684919286606
IL2022-15227,6475.214338815907
IL2022-15320,7244.366417684755
IL2022-15360,7234.49602269334
IL2022-1541,7689.064769510053
IL2022-15419,6738.579318743609
IL2022-15423,6976.1931040215
IL2022-15425,7095.672446557381
IL2022-15471,7201.112516163704
IL2022-15515,6400.981672319839
IL2022-15520,7314.114800050798
IL2022-15524,7258.120587145835
IL2022-15526,6810.8743672075625
IL2022-15539,6188.158520505754
IL2022-15550,6958.774309972493
IL2022-15564,7542.282631817728
IL2022-15578,6864.6665386078685
IL2022-15602,7163.550739555103
IL2022-15615,7040.413844090381
IL2022-15630,7241.286181389099
IL2022-1570,6780.97602750089
IL2022-15703,7256.101311103403
IL2022-15708,7540.679109078783
IL2022-15711,7517.942048624923
IL2022-15713,7156.054514632826
IL2022-15717,7361.838831516425
IL2022-15733,6969.279231449778
IL2022-15743,6950.642473373205
IL2022-15751,7148.8675326236225
IL2022-15760,7447.9723876918215
IL2022-15767,7318.867863874873
IL2022-15776,7903.730476866096
IL2022-15779,7854.649449093159
IL2022-15802,7242.681535701976
IL2022-15944,6596.372268665193
IL2022-15947,6865.933692789519
IL2022-15961,7507.810410423639
IL2022-15968,6284.858922678767
IL2022-16032,6559.778549082563
IL2022-16171,7233.131267912602
IL2022-16201,6742.908312060032
IL2022-16308,7350.749157531283
IL2022-16344,7232.657686171574
IL2022-16348,7358.247678866954
IL2022-16374,7399.186865905123
IL2022-16411,7219.434201884882
IL2022-16436,7047.037687081567
IL2022-1645,6798.637205351004
IL2022-16451,7256.409648900357
IL2022-16454,6899.224450826188
IL2022-16516,6556.833690296695
IL2022-16525,7065.972783582333
IL2022-16557,6884.385803968027
IL2022-16561,6670.17052404881
IL2022-16566,6855.554586957473
IL2022-16572,6580.274756566874
IL2022-16613,6848.704152097018
IL2022-16617,7296.088320392793
IL2022-16620,7057.664293751855
IL2022-16720,6599.601289074497
IL2022-16725,6852.081225260091
IL2022-16748,6087.450176515909
IL2022-1675,6852.021012839035
IL2022-16756,6419.978805833822
IL2022-16777,6975.020417392564
IL2022-16849,6570.706148658884
IL2022-16865,7272.743056610613
IL2022-16870,6430.049826815928
IL2022-16961,7711.909125626544
IL2022-16979,7346.756758659798
IL2022-17009,6787.2038903750745
IL2022-1701,7094.889501022053
IL2022-17011,6755.383189375902
IL2022-17014,7896.716824185947
IL2022-17039,7057.829306755128
IL2022-17063,7329.859677830541
IL2022-17066,7846.828182486914
IL2022-17103,7679.882663240174
IL2022-17137,7167.884698990278
IL2022-17148,7173.193373335447
IL2022-17152,7591.186908048936
IL2022-17208,7613.199058712018
IL2022-17228,7203.806099751306
IL2022-17244,6444.409430807932
IL2022-17322,7051.979139489948
IL2022-17329,6462.65500032664
IL2022-17337,7432.165903358609
IL2022-17346,6481.524142441605
IL2022-17452,6556.573019937295
IL2022-17471,7163.954579937509
IL2022-17507,7232.336896811781
IL2022-17575,7342.89555014985
IL2022-17620,7205.451036680455
IL2022-17621,7431.679507729276
IL2022-17624,7479.093091472237
IL2022-17625,6893.57368104477
IL2022-17664,6640.765782714264
IL2022-17769,6504.946852348274
IL2022-17816,6899.445669669533
IL2022-17844,6750.143080166679
IL2022-17861,6914.063852983435
IL2022-17869,7311.06386977335
IL2022-17929,6750.547746144743
IL2022-17934,6523.5234867226345
IL2022-17935,7201.202250676182
IL2022-18009,6590.317825490638
IL2022-18037,7186.744055435633
IL2022-18049,7161.853085229997
IL2022-1806,6461.329163059764
IL2022-18061,7026.943406495145
IL2022-18101,6573.96504572631
IL2022-18139,7419.930150802582
IL2022-1816,6678.1753759881585
IL2022-1829,6611.698213040192
IL2022-1834,7148.44309861872
IL2022-18345,6548.813669964409
IL2022-18377,6861.555519333566
IL2022-18573,7015.79358732461
IL2022-18613,6116.626767724705
IL2022-18736,7510.776256529081
IL2022-18751,6769.292924106138
IL2022-18755,6863.335046255257
IL2022-18763,7447.83543294298
IL2022-18768,6299.305429492359
IL2022-18769,6578.712985073102
IL2022-18772,6946.161183538908
IL2022-18801,6874.958810120617
IL2022-18811,6630.863071425208
IL2022-18820,7016.279744028577
IL2022-18868,6802.638806813113
IL2022-18869,6761.488403048534
IL2022-18908,7116.987026172795
IL2022-18929,7014.442419455647
IL2022-18954,7780.588577043094
IL2022-19036,7565.164811869932
IL2022-19043,7664.969517888022
IL2022-1906,7141.189132271808
IL2022-19116,6796.759318915402
IL2022-19142,6815.5446389111185
IL2022-19160,6996.223392248253
IL2022-19169,7199.292462730998
IL2022-19216,6513.784704725878
IL2022-19249,6489.271930502321
IL2022-19268,6314.240861097409
IL2022-19278,6199.205759564382
IL2022-19302,6947.67307126972
IL2022-19306,6764.15814834365
IL2022-19422,6579.404607496315
IL2022-19442,7093.399685184098
IL2022-19446,6843.149517251252
IL2022-19456,7757.349691509842
IL2022-19457,6704.265713208144
IL2022-19470,7299.538844932941
IL2022-19508,7264.204748239906
IL2022-19520,7555.171001982728
IL2022-19528,7439.745213693999
IL2022-19531,7405.480049233778
IL2022-19539,7224.740965035622
IL2022-19542,7355.6660166194315
IL2022-19572,6340.974897633649
IL2022-19749,6744.279074290819
IL2022-19766,7318.432852303076
IL2022-19769,6827.602676203486
IL2022-19777,7008.653539954962
IL2022-19803,7219.818790722658
IL2022-19869,6992.745845966992
IL2022-19879,7100.003449345192
IL2022-19921,6977.753595433012
IL2022-19927,7026.165003874763
IL2022-19937,7326.007485370972
IL2022-19944,7230.980236245655
IL2022-20026,6279.205272153334
IL2022-20076,7667.214686212599
IL2022-20122,7189.24488822667
IL2022-20155,7461.642971351372
IL2022-20165,7047.687454518963
IL2022-20179,6965.301330868123
IL2022-20264,7035.8374967788395
IL2022-20305,7571.40972691511
IL2022-20314,6962.416912630211
IL2022-20325,7157.1842869951515
IL2022-20401,6789.639530070947
IL2022-20420,6219.294983958785
IL2022-20421,7318.210607088247
IL2022-20424,6299.2254214634795
IL2022-20427,6591.140425725082
IL2022-20435,6116.220816485106
IL2022-20441,5247.2827510093575
IL2022-20504,6294.086047476504
IL2022-20509,6602.952177168536
IL2022-20670,7506.540292391165
IL2022-2068,6880.279630712508
IL2022-20730,6864.318936520333
IL2022-20741,7575.046451857269
IL2022-20744,7681.65134595635
IL2022-20830,6918.270679690803
IL2022-20844,7185.692405901585
IL2022-20874,6504.415437864179
IL2022-20953,7029.873441040237
IL2022-20959,7024.867057856629
IL2022-21008,7027.108654927931
IL2022-21018,7126.459108549095
IL2022-21128,6818.000978145402
IL2022-21130,6504.210651993752
IL2022-21133,6712.856587256821
IL2022-21211,6795.103089157592
IL2022-21238,6591.837398468137
IL2022-21272,7046.45931994743
IL2022-21310,6710.833730988177
IL2022-21312,6650.204067070193
IL2022-21348,7226.524099301614
IL2022-21528,6998.148108660729
IL2022-21535,6751.122778638958
IL2022-21538,6677.6653208361
IL2022-2156,7298.918235785949
IL2022-2157,7401.701553434697
IL2022-21618,6924.116446396751
IL2022-21629,6573.999809901385
IL2022-21633,6865.544894399455
IL2022-21643,6727.286575644611
IL2022-21666,6773.8903113025535
IL2022-21673,6286.843003844861
IL2022-21754,7436.038476007845
IL2022-21758,7422.112319823769
IL2022-21774,6677.4532831494735
IL2022-21804,6550.29711466229
IL2022-21879,7349.422144893334
IL2022-21937,6936.574128747387
IL2022-21974,6989.921920588901
IL2022-22012,7068.891424652477
IL2022-2202,6456.401800816407
IL2022-22021,6823.1555038975075
IL2022-22035,7294.911766954381
IL2022-22045,6891.153626647943
IL2022-2206,6886.255043538388
IL2022-22078,6798.931218726827
IL2022-22115,7049.634295617647
IL2022-22124,7572.11765419973
IL2022-22142,7226.336786450604
IL2022-22145,7253.8726955459115
IL2022-22147,7272.848438452006
IL2022-22150,7278.909885965881
IL2022-22210,7053.437102988482
IL2022-22222,6599.581003969614
IL2022-22257,6946.461214509612
IL2022-22335,6762.531416361818
IL2022-22341,6772.554273553349
IL2022-22416,6891.934442213295
IL2022-22458,7862.548927685176
IL2022-22472,7768.682764621543
IL2022-22508,7289.1683956079705
IL2022-22525,7728.886500641689
IL2022-22527,7536.445729547708
IL2022-2254,7049.422385014835
IL2022-22541,7294.565659511963
IL2022-22556,8062.97992878744
IL2022-22603,6758.62702760394
IL2022-22609,7226.423825526909
IL2022-22629,7419.241082473384
IL2022-22637,6507.251037085841
IL2022-22651,7173.784138301781
IL2022-22670,7095.767022940375
IL2022-2270,6761.661611414685
IL2022-22770,6866.382594650787
IL2022-22771,6317.304286269273
IL2022-22774,6293.621267416468
IL2022-22812,7015.138736549912
IL2022-22816,7131.758610836055
IL2022-22870,6913.028106897636
IL2022-22930,6042.5212261960205
IL2022-23037,7173.591148512599
IL2022-23101,6479.3016763745945
IL2022-2320,6240.773005963162
IL2022-23204,6382.130006272967
IL2022-23207,6800.480715218073
IL2022-23210,6847.752363131096
IL2022-23224,7034.369488761505
IL2022-2324,7623.961160473052
IL2022-23246,7259.199026412304
IL2022-23259,7747.4414945180715
IL2022-23305,6990.223888688273
IL2022-23316,7709.495931878859
IL2022-23344,6949.142915186237
IL2022-23362,6404.281960253842
IL2022-2339,7454.853219863866
IL2022-23424,6840.200903986378
IL2022-23425,6618.444248895373
IL2022-23473,6455.62685863582
IL2022-23516,6365.062527653621
IL2022-23524,6566.53679064273
IL2022-23531,5463.568194409173
IL2022-23625,7271.866067149074
IL2022-23677,7221.087270553747
IL2022-23823,6023.768078170406
IL2022-23979,6963.985549549291
IL2022-24032,7551.334977811197
IL2022-24039,7303.330080610347
IL2022-24058,6718.29183724039
IL2022-24061,7102.481499328148
IL2022-24102,6174.954145738814
IL2022-24110,6822.280570648443
IL2022-2412,6074.450760616394
IL2022-24144,6830.674609052716
IL2022-24151,6799.0655452360415
IL2022-24171,6943.409985452816
IL2022-2503,6573.682001297698
IL2022-2511,7229.931479378636
IL2022-2514,7101.098246357747
IL2022-2535,6571.047273867155
IL2022-2544,6961.434235744329
IL2022-2604,7695.582921525283
IL2022-2616,7065.31422293012
IL2022-2654,7282.402506854505
IL2022-2704,7517.740056376426
IL2022-2749,6824.025904218224
IL2022-2920,6934.689610573165
IL2022-2922,7319.634140167996
IL2022-2933,6853.873591300526
IL2022-2937,7100.3867232251305
IL2022-3013,7108.574929652655
IL2022-3033,7233.069853653983
IL2022-3075,6851.0984050054585
IL2022-310,6644.330612325435
IL2022-3110,7252.4567884401295
IL2022-3117,7256.764108006037
IL2022-3177,7774.010312552746
IL2022-3228,7238.117469592402
IL2022-3242,6704.635882515103
IL2022-3262,7784.348502335371
IL2022-3277,6810.159087880715
IL2022-3306,7529.540809959042
IL2022-3320,6810.383952372387
IL2022-3333,6163.04044480673
IL2022-3345,6802.387583169957
IL2022-3418,7282.796480977759
IL2022-3421,7726.598796058496
IL2022-3429,7310.475019421809
IL2022-3439,7187.792948660938
IL2022-345,7066.914308516241
IL2022-3450,7544.65919046648
IL2022-3463,6762.827625352565
IL2022-3465,7334.669928971322
IL2022-3476,7460.082987136584
IL2022-3544,7355.096661152275
IL2022-3611,7566.511799607952
IL2022-3705,7491.987674557723
IL2022-3708,6258.854800116565
IL2022-3720,6540.8611314143045
IL2022-3724,7243.662401889003
IL2022-3736,6525.60991417782
IL2022-3746,6886.182454326582
IL2022-3818,6447.617004142828
IL2022-3822,6387.626507317837
IL2022-3837,6342.19035267184
IL2022-3862,6675.195933153474
IL2022-3866,6851.174270576284
IL2022-3950,6735.607096800942
IL2022-3976,7701.164616584547
IL2022-4032,7023.594650494173
IL2022-4044,7165.5926956711255
IL2022-4054,7502.546030041698
IL2022-4061,7642.7888647316795
IL2022-4078,7648.568567714399
IL2022-4127,7856.3405308502715
IL2022-414,7659.291955823126
IL2022-4145,7175.480561795882
IL2022-4148,7269.074438357985
IL2022-4154,7133.434070601532
IL2022-4220,6751.7831785110875
IL2022-4224,6780.688651939604
IL2022-4228,6889.607475096963
IL2022-4232,6735.68213842067
IL2022-4237,7221.332042256645
IL2022-4424,7150.7769744515335
IL2022-4441,7666.16537351047
IL2022-4524,7194.250170670564
IL2022-4532,7050.398838463459
IL2022-457,7889.759236980375
IL2022-460,7443.48715810922
IL2022-4643,6981.166536813873
IL2022-465,7178.156008841432
IL2022-469,7040.478513909388
IL2022-473,6778.283543584013
IL2022-4739,7496.812437802716
IL2022-4778,6977.919907380485
IL2022-4779,7250.769393009847
IL2022-479,6806.931373975306
IL2022-4839,7082.907542033578
IL2022-4969,7511.787661267707
IL2022-505,7119.650433443883
IL2022-5060,7443.6253922405
IL2022-509,6994.874280243355
IL2022-5101,6562.394485528205
IL2022-516,6860.8625576156865
IL2022-5167,6521.84270372597
IL2022-520,6805.499795014475
IL2022-5203,7087.47631889867
IL2022-5210,7134.5516926455675
IL2022-523,7113.142557844669
IL2022-5235,6629.246797446436
IL2022-526,6891.4220578180975
IL2022-5263,6963.572187748148
IL2022-5278,7153.052889982629
IL2022-5305,7418.405114650127
IL2022-5308,7170.774118449438
IL2022-5312,7344.539155066248
IL2022-5325,6264.290018222713
IL2022-534,6937.006753767328
IL2022-5359,5887.358806904122
IL2022-5408,6501.172950986742
IL2022-5517,7494.76886923432
IL2022-5522,7379.627989585764
IL2022-5528,6517.322346135721
IL2022-5537,6719.58270823579
IL2022-5542,7025.998242031695
IL2022-5543,6823.762058773057
IL2022-5545,7309.582373680399
IL2022-5551,7667.683099955302
IL2022-5571,7586.836078294242
IL2022-5578,7327.127652577755
IL2022-560,6839.587431247288
IL2022-5607,6997.794901717092
IL2022-561,7271.8444710737685
IL2022-5610,7452.26669258503
IL2022-5617,6435.12178653428
IL2022-5620,6830.614793009932
IL2022-5635,6660.192563673056
IL2022-5643,6713.554573731026
IL2022-568,7637.627158909634
IL2022-5744,5887.824312993401
IL2022-5765,7183.049842494243
IL2022-5805,7126.430280553496
IL2022-5834,7879.68624947412
IL2022-5838,7135.975594455376
IL2022-5841,7043.157968469935
IL2022-5851,8118.238885493296
IL2022-5853,7787.235794436881
IL2022-5862,6867.342056271787
IL2022-5876,7191.793857577908
IL2022-5938,6907.705460125365
IL2022-5944,7368.494119879341
IL2022-5948,7048.7597820165975
IL2022-6018,6779.851394656573
IL2022-6043,7768.99799290713
IL2022-6047,6604.137265140472
IL2022-6136,7274.708238592738
IL2022-6142,6817.996225365115
IL2022-6160,6014.351242310025
IL2022-6161,6268.11588665929
IL2022-6278,6736.156838797622
IL2022-631,6358.629680402103
IL2022-6330,6093.269770263919
IL2022-6378,6713.248778373244
IL2022-6407,7161.287227076865
IL2022-641,6841.309845596683
IL2022-6423,6707.198034119888
IL2022-643,7447.342917775898
IL2022-6437,7740.400232513836
IL2022-6476,6786.516738805173
IL2022-6537,6957.404465571622
IL2022-6702,6647.181753852767
IL2022-6714,7417.543104343277
IL2022-6726,6824.371965942486
IL2022-6748,7276.427773465631
IL2022-6774,6778.831304232514
IL2022-6832,6920.486943349542
IL2022-6839,7214.327157095718
IL2022-6841,7394.814139295794
IL2022-6862,7255.235003714751
IL2022-6866,6689.275683569453
IL2022-6973,6496.828839599412
IL2022-7044,7181.023412226122
IL2022-7048,7402.935844291382
IL2022-7049,6521.0126960904645
IL2022-7058,6667.8434193955645
IL2022-7060,7346.10504938088
IL2022-7065,6540.498640532812
IL2022-7077,6684.099792629624
IL2022-7104,6752.61112071479
IL2022-7106,6781.360068018596
IL2022-7108,7067.170443166678
IL2022-7109,7071.996807741368
IL2022-7110,7018.128159412623
IL2022-714,6382.830377561031
IL2022-7163,7477.618716257277
IL2022-7169,7114.873758102404
IL2022-7172,7035.823841142938
IL2022-7174,7839.705007217724
IL2022-720,7110.782508877572
IL2022-7264,7116.849128909145
IL2022-7266,6807.918790826709
IL2022-7274,7082.01547148123
IL2022-7329,6679.044882320791
IL2022-7334,6961.433321346464
IL2022-7342,6836.94049946398
IL2022-7366,7124.508268845889
IL2022-7368,7056.015820779251
IL2022-7415,6628.834409991063
IL2022-7448,7714.966191135407
IL2022-7456,6842.137569287359
IL2022-7476,6898.276637713815
IL2022-7562,6805.211607661421
IL2022-7565,7120.185251025815
IL2022-7572,6818.253410453187
IL2022-7627,6780.069548906869
IL2022-7634,6602.315761937038
IL2022-7673,7534.708413965053
IL2022-7709,7093.416554484042
IL2022-7720,7597.722272627005
IL2022-7733,7643.606882853592
IL2022-7736,6583.293719951949
IL2022-774,6545.904106858295
IL2022-7806,6687.313366248749
IL2022-7819,6681.972412006137
IL2022-7836,6819.4091681075615
IL2022-7864,6489.291361405862
IL2022-7876,7189.433907843514
IL2022-7918,6317.837867173279
IL2022-7929,6299.075856026133
IL2022-7958,6654.285218105818
IL2022-7966,7059.343136467791
IL2022-7972,7012.631053434599
IL2022-8016,7140.716155978851
IL2022-8024,6660.480722205779
IL2022-8033,6740.21680375577
IL2022-8052,7167.871477422034
IL2022-8061,6911.806780191337
IL2022-8068,6908.226197333903
IL2022-8079,7251.490878975096
IL2022-8120,7061.211333490427
IL2022-8136,6907.904848025686
IL2022-8152,6693.0844271864235
IL2022-8153,6722.9128010941595
IL2022-8157,7191.393783828424
IL2022-8161,7486.768878186096
IL2022-8204,6614.98318288532
IL2022-8433,6319.861141534752
IL2022-8441,6760.307116768435
IL2022-8453,6952.178913870552
IL2022-8460,6874.536787391317
IL2022-8518,6017.958031888716
IL2022-8553,6888.155853431747
IL2022-8578,6756.361331860693
IL2022-8613,6736.358517672512
IL2022-8616,6829.887981746998
IL2022-8654,6460.685725787746
IL2022-8658,7235.003334287427
IL2022-8667,6362.877512872346
IL2022-8676,7224.7507445187275
IL2022-8715,6558.775906385024
IL2022-8748,7171.214269840102
IL2022-8749,6896.590461216674
IL2022-8921,7114.694459801742
IL2022-8965,7430.209514303813
IL2022-9003,6099.376691459169
IL2022-9016,6068.127159812219
IL2022-9055,6032.81892611664
IL2022-9058,6556.043226878425
IL2022-9072,6597.4415863391605
IL2022-9116,6189.741771098183
IL2022-9133,7286.758030262642
IL2022-9156,7475.646787486952
IL2022-9176,6853.528573796868
IL2022-9178,7252.713237138451
IL2022-9209,7592.3928597263375
IL2022-9223,7119.029496217416
IL2022-9272,6942.57087548089
IL2022-9352,6550.9221055520875
IL2022-941,6070.566284225124
IL2022-9457,6701.470052476878
IL2022-9460,6140.314573467261
IL2022-9465,6312.340596266826
IL2022-9468,6083.821533794329
IL2022-9472,5994.3654159783855
IL2022-9474,6432.14940240702
IL2022-9534,6532.547751229086
IL2022-9537,7383.201483542674
IL2022-9542,7544.365905658453
IL2022-9547,7414.312878320943
IL2022-9576,7096.059476092051
IL2022-9609,6466.4505395164715
IL2022-9624,6084.962098586813
IL2022-9630,6903.069622951675
IL2022-9712,7370.991069993674
IL2022-9743,7253.935613949038
IL2022-9803,7356.370875477469
IL2022-9808,6857.81458859852
IL2022-9837,8136.157814387847
IL2022-9861,6607.907665443399
IL2022-9864,6516.514979331318
IL2022-9874,6776.6588657768325
IL2022-9877,6198.360087480438
IL2022-9906,6538.4705940207505
IL2022-9913,7325.302141924664
IL2022-9929,7637.2192116522865
IL2022-9944,6774.500625418271
IL2022-9948,7194.836346226093
IL2022F3S-21701,5341.22389565278
IL2022F3S-21704,5354.8125459071325
IL2022F3S-21706,5053.679018072493
IL2022F3S-21804,5784.454170593386
IL2022F3S-21903,5013.346772047193
IL2022F3S-21905,5118.159008952442
IL2022F3S-21907,6204.794553829163
IL2022F3S-22101,5877.864405189349
IL2022F3S-22102,5281.834224297196
IL2022F3S-22103,5436.938577762338
IL2022F3S-22104,5273.571856841463
IL2022F3S-22105,5028.710176110573
IL2022F3S-22201,5222.835817305057
IL2022F3S-22202,5438.839794426264
IL2022F3S-22203,5795.046289547414
IL2022F3S-22301,5093.225452968821
IL2022F3S-22401,5171.769973081893
IL2022F3S-22501,5651.33390992108
IL2022F3S-22502,5767.692901976431
IL2022F3S-22601,5813.94558650416
IL2022F3S-22602,5251.425084916263
IL2022F3S-22603,4754.362167622187
IL2022F3S-22702,5460.686842349817
IL2022F3S-22703,5136.217396227285
IL2022F3S-22705,5490.174578467217
IL2022F3S-22901,5028.040425629116
IL2022F3S-22902,5253.624474756494
IL2022F3S-22904,4741.630756487473
IL2022F3S-23203,6258.10014725732
IL2022F3S-23401,5648.043013266617
IL2022F3S-23402,6698.5575516155795
IL2022F3S-23501,4641.487777500456
IL2022F3S-23601,5441.6799501958685
IL2022F3S-23701,5642.119577961255
IL2022F3S-23702,4955.841336604986
IL2022F3S-23901,4788.203723256806
IL2022F3S-24203,4963.767300828464
IL2022F3S-24204,5298.099156428996
IL2022F3S-24302,5488.052469955896
IL2022F3S-24402,6350.61593556205
IL2022F3S-24501,6659.062153628546
IL2022F3S-24502,5525.6373701237035
IL2022F3S-24503,5404.015819018944
IL2022F4S-10002,4628.588634718131
IL2022F4S-10004,4832.879284345354
IL2022F4S-1002,4698.9181657985855
IL2022F4S-10102,5246.462950206718
IL2022F4S-10103,5174.024852531427
IL2022F4S-10104,4991.334147505393
IL2022F4S-10105,5107.792275891436
IL2022F4S-10201,4893.451837302045
IL2022F4S-10202,5017.113004991192
IL2022F4S-10203,4547.373033181378
IL2022F4S-10204,5587.133401101707
IL2022F4S-10205,4647.544384951842
IL2022F4S-10301,5285.93461973331
IL2022F4S-10304,5008.388746431
IL2022F4S-10401,5251.05972128009
IL2022F4S-10402,4740.36899331474
IL2022F4S-10502,4810.612224506176
IL2022F4S-10601,4357.297095351826
IL2022F4S-10602,4684.215174734221
IL2022F4S-10603,4273.63320379523
IL2022F4S-10604,4767.721169874541
IL2022F4S-10701,5387.720950029973
IL2022F4S-10702,5727.0735871358775
IL2022F4S-10704,5918.200538788296
IL2022F4S-10705,4987.437497389241
IL2022F4S-10901,4411.740906336048
IL2022F4S-10902,5256.357715933743
IL2022F4S-10903,5706.4138843192395
IL2022F4S-10905,5320.283857335968
IL2022F4S-11001,5219.912653036094
IL2022F4S-11002,4689.27725540877
IL2022F4S-11003,4878.73179339781
IL2022F4S-1102,5328.043842641259
IL2022F4S-11202,4782.705080967946
IL2022F4S-11203,5386.922546042819
IL2022F4S-11204,4597.882171617182
IL2022F4S-11205,4008.22903419832
IL2022F4S-11301,4959.904339327581
IL2022F4S-11302,4638.11864311151
IL2022F4S-11303,5199.1150629617605
IL2022F4S-11304,5243.644213605564
IL2022F4S-11502,4950.022683138716
IL2022F4S-11503,5218.208462350962
IL2022F4S-11505,4953.291893292882
IL2022F4S-11506,4586.688578566815
IL2022F4S-11507,4927.940080439163
IL2022F4S-11508,4710.110352054751
IL2022F4S-11602,4954.544563924877
IL2022F4S-11603,4850.271589343515
IL2022F4S-11701,4913.822393578888
IL2022F4S-11703,5227.225251145401
IL2022F4S-11704,5490.202536714741
IL2022F4S-11706,4528.863935939597
IL2022F4S-11801,5752.6820201476285
IL2022F4S-11802,5659.936787965449
IL2022F4S-11803,5876.908742281527
IL2022F4S-11804,5679.615671804433
IL2022F4S-11805,5498.879705678376
IL2022F4S-11806,5453.958438910493
IL2022F4S-11807,5394.697925598599
IL2022F4S-11902,5590.658149683363
IL2022F4S-11903,4909.7747391928515
IL2022F4S-11904,5766.135774215577
IL2022F4S-12001,5256.922445353726
IL2022F4S-12101,4401.091162507033
IL2022F4S-12102,5181.932600506009
IL2022F4S-12202,5291.405176650587
IL2022F4S-12203,5383.03720147765
IL2022F4S-12204,5581.795696325898
IL2022F4S-12205,5165.539290758255
IL2022F4S-12206,5219.650830797702
IL2022F4S-12301,5034.587288567137
IL2022F4S-12302,5353.426414031766
IL2022F4S-12305,5516.088543858938
IL2022F4S-12401,5393.306499329935
IL2022F4S-12402,5880.678552641823
IL2022F4S-12406,6046.063522460491
IL2022F4S-12409,5799.932494593971
IL2022F4S-12501,6090.385495007262
IL2022F4S-12502,6242.26766728877
IL2022F4S-12504,5799.036706824589
IL2022F4S-12505,5848.25755706891
IL2022F4S-12506,5920.811909568925
IL2022F4S-12507,6261.756893604904
IL2022F4S-12508,6195.206714052325
IL2022F4S-12509,6413.064814348485
IL2022F4S-12601,6001.914912032836
IL2022F4S-12603,6155.015671754455
IL2022F4S-12604,5948.553178259053
IL2022F4S-12701,5857.072493616717
IL2022F4S-12702,5291.573730914308
IL2022F4S-12801,4749.867666784138
IL2022F4S-12803,5413.45654690924
IL2022F4S-12804,5594.34386323176
IL2022F4S-12805,4807.492677663195
IL2022F4S-12806,4805.461606059196
IL2022F4S-12808,5701.930310368964
IL2022F4S-12901,4586.601823261492
IL2022F4S-13001,5553.187017481146
IL2022F4S-13002,5544.245101058341
IL2022F4S-1302,5049.508701024252
IL2022F4S-1303,4289.125401848848
IL2022F4S-13101,5096.79333495352
IL2022F4S-13104,5250.5378796314635
IL2022F4S-13105,5022.987079278789
IL2022F4S-13106,5931.00442164272
IL2022F4S-13107,5488.957199716879
IL2022F4S-13201,5536.14029996333
IL2022F4S-13202,6206.846365816252
IL2022F4S-13203,5824.192949641869
IL2022F4S-13302,5708.4208944582615
IL2022F4S-13303,6629.4760755649295
IL2022F4S-13304,5547.619797345447
IL2022F4S-13305,5433.141433124309
IL2022F4S-13401,5647.585995814053
IL2022F4S-13402,5494.08253938491
IL2022F4S-13502,4962.035714868222
IL2022F4S-13503,4924.630456477125
IL2022F4S-13701,4609.783102705181
IL2022F4S-13801,5466.593962914911
IL2022F4S-13802,5074.117789835592
IL2022F4S-13803,5339.140455038976
IL2022F4S-13804,5770.080351370181
IL2022F4S-13806,5645.021231915485
IL2022F4S-13807,5268.75409832491
IL2022F4S-13902,6253.993850804555
IL2022F4S-13903,5811.529519510945
IL2022F4S-13904,5263.158558324644
IL2022F4S-14001,5778.454058236937
IL2022F4S-14002,5358.768063635488
IL2022F4S-14003,5425.769702013403
IL2022F4S-1401,4742.491803443517
IL2022F4S-1402,5216.9624397204025
IL2022F4S-1404,4312.719457432791
IL2022F4S-1407,4941.9877663457255
IL2022F4S-14102,5992.3904562951475
IL2022F4S-14103,5733.607508409195
IL2022F4S-14201,5889.670517417773
IL2022F4S-14202,6630.089557683074
IL2022F4S-14301,5424.793929545437
IL2022F4S-14302,5871.518022184979
IL2022F4S-14303,5295.393565524
IL2022F4S-14401,4797.223513765581
IL2022F4S-14402,4647.305904680745
IL2022F4S-14403,5300.2722818175425
IL2022F4S-14404,5043.730103445405
IL2022F4S-14405,6410.599025187634
IL2022F4S-14501,5878.291940213904
IL2022F4S-14505,5304.549900460532
IL2022F4S-14506,6169.35371111676
IL2022F4S-14507,5607.020661668366
IL2022F4S-14702,6454.216234811885
IL2022F4S-14706,6192.806906030386
IL2022F4S-14802,5266.488495064292
IL2022F4S-14804,4994.0781469237345
IL2022F4S-14805,4943.47681010223
IL2022F4S-14807,5141.901379878751
IL2022F4S-14808,5807.121830089659
IL2022F4S-14809,5321.378665428966
IL2022F4S-14901,5670.876275609544
IL2022F4S-14902,6040.531954282369
IL2022F4S-14904,6035.999884768052
IL2022F4S-14905,5612.862524912207
IL2022F4S-14906,5757.448060905658
IL2022F4S-15003,5760.879647443149
IL2022F4S-15004,6293.70795256188
IL2022F4S-1501,5249.690917550719
IL2022F4S-1502,6069.033517144186
IL2022F4S-1503,5902.008964440293
IL2022F4S-1504,4983.371843201135
IL2022F4S-15101,4968.397957103898
IL2022F4S-15103,4716.520446555933
IL2022F4S-15201,6012.619610855679
IL2022F4S-15202,5896.606379511664
IL2022F4S-15203,5265.602764563067
IL2022F4S-15301,4894.8892954567455
IL2022F4S-15302,5913.423896888912
IL2022F4S-15303,4508.878514686147
IL2022F4S-15304,5773.083850116405
IL2022F4S-15305,5497.531958723887
IL2022F4S-15401,4892.07262709967
IL2022F4S-15402,5396.225943823965
IL2022F4S-15501,5449.3678506679025
IL2022F4S-15502,5365.230953329903
IL2022F4S-15503,5927.216200092895
IL2022F4S-15504,5478.972132663146
IL2022F4S-15505,5633.115704684249
IL2022F4S-15506,5287.437706531863
IL2022F4S-15601,5690.0902742472845
IL2022F4S-15701,5079.694761840599
IL2022F4S-157010,5167.530219937031
IL2022F4S-157011,5865.059464251525
IL2022F4S-15704,5986.419576999544
IL2022F4S-15705,5852.9424971601675
IL2022F4S-15706,5512.989404473603
IL2022F4S-15707,5677.190848226119
IL2022F4S-15708,5648.644882340262
IL2022F4S-15709,5476.62325237231
IL2022F4S-15801,5578.077913922393
IL2022F4S-15802,5361.837024119598
IL2022F4S-15803,5699.028011331252
IL2022F4S-15804,5800.074618060029
IL2022F4S-15903,5404.3934802640515
IL2022F4S-16001,5240.924140404738
IL2022F4S-16002,5532.303187353678
IL2022F4S-16003,5261.410558104373
IL2022F4S-16004,4917.4550676143635
IL2022F4S-16005,4974.2932398215
IL2022F4S-16006,5300.565284398889
IL2022F4S-1602,4518.754791253056
IL2022F4S-16101,4858.36545930624
IL2022F4S-16103,5470.359879020009
IL2022F4S-16104,5105.944205714162
IL2022F4S-16105,6184.441776756128
IL2022F4S-16106,6350.17234751141
IL2022F4S-16201,4948.9648052175535
IL2022F4S-16401,6716.194607295567
IL2022F4S-16501,5478.462598922548
IL2022F4S-16801,5072.70048732268
IL2022F4S-17004,5005.558871139318
IL2022F4S-17302,5316.069752226659
IL2022F4S-17401,4443.202291292278
IL2022F4S-17601,4515.489577707831
IL2022F4S-17701,4103.213690397817
IL2022F4S-17902,4981.784605880197
IL2022F4S-17903,4844.386165213991
IL2022F4S-18001,5135.170043587326
IL2022F4S-1802,5377.823939609441
IL2022F4S-18103,5626.129341578787
IL2022F4S-18104,5750.432165546131
IL2022F4S-18201,5650.200869472224
IL2022F4S-18202,4929.995646645439
IL2022F4S-18203,5390.745745261233
IL2022F4S-18301,5787.682475283869
IL2022F4S-18402,5761.044904017613
IL2022F4S-18404,6366.410038124209
IL2022F4S-18501,5991.852906907608
IL2022F4S-18505,6341.999516537187
IL2022F4S-18506,6123.424273344668
IL2022F4S-18601,5120.896502812911
IL2022F4S-18701,4934.229809646484
IL2022F4S-18702,4726.9039152307
IL2022F4S-18703,5392.842018752187
IL2022F4S-18706,5463.861798625145
IL2022F4S-18707,5311.203250975147
IL2022F4S-18708,4935.50138102871
IL2022F4S-18801,6006.930320305618
IL2022F4S-18904,5742.667512777629
IL2022F4S-19001,5862.30784849399
IL2022F4S-19002,5561.364737396263
IL2022F4S-19003,5256.004028183581
IL2022F4S-1901,5019.230975495708
IL2022F4S-1904,5216.106118729983
IL2022F4S-19204,6301.1923862082385
IL2022F4S-19301,5260.621736031479
IL2022F4S-19302,5325.038956097327
IL2022F4S-19303,5080.339601087315
IL2022F4S-19304,5976.5470392666175
IL2022F4S-19305,5403.656456875223
IL2022F4S-19306,5592.338368267387
IL2022F4S-19307,5594.413933869055
IL2022F4S-19308,5578.294168365745
IL2022F4S-19309,5780.716704957668
IL2022F4S-19402,5188.534172075514
IL2022F4S-19501,5483.698726469821
IL2022F4S-19503,5485.018618772654
IL2022F4S-19601,4636.0152795070135
IL2022F4S-19603,5763.662371060916
IL2022F4S-19604,5421.670660580244
IL2022F4S-19701,5704.546822866324
IL2022F4S-19702,6033.260292735603
IL2022F4S-19703,6244.695755026507
IL2022F4S-19704,6018.415938173819
IL2022F4S-19705,5756.964606342919
IL2022F4S-19706,5163.11015372721
IL2022F4S-19707,6321.887957363128
IL2022F4S-19708,6343.6642139543765
IL2022F4S-19709,6264.825768659653
IL2022F4S-19903,6340.846382244987
IL2022F4S-20002,5792.9830413907
IL2022F4S-20003,6390.623542325807
IL2022F4S-2002,5489.2329634905855
IL2022F4S-2003,5204.110842253654
IL2022F4S-20101,6361.245067033868
IL2022F4S-20102,5167.9933103356325
IL2022F4S-20104,5690.34025349721
IL2022F4S-20105,5380.0094248642745
IL2022F4S-20106,6042.01392480683
IL2022F4S-20107,4969.296596827049
IL2022F4S-20108,5506.383413292244
IL2022F4S-20201,5482.043218769945
IL2022F4S-20202,4778.902735729454
IL2022F4S-20203,5007.4956816592385
IL2022F4S-20301,5515.915002774329
IL2022F4S-20302,4611.876991454912
IL2022F4S-20303,4803.242541100535
IL2022F4S-20304,4511.575805910358
IL2022F4S-20401,5284.991576998823
IL2022F4S-20403,5731.499154301317
IL2022F4S-20404,5608.11727691255
IL2022F4S-205,4409.896998085636
IL2022F4S-20501,5404.080546836979
IL2022F4S-20502,4946.504897582704
IL2022F4S-20503,4888.502465284675
IL2022F4S-20504,4866.2766793206565
IL2022F4S-20505,5049.767802769149
IL2022F4S-20507,4958.097571989371
IL2022F4S-20701,6205.257006349725
IL2022F4S-20902,6089.074629839098
IL2022F4S-20903,5913.994028947638
IL2022F4S-210010,6103.983079080748
IL2022F4S-21002,6331.832085477369
IL2022F4S-21003,6275.02043257893
IL2022F4S-21004,6354.07228727264
IL2022F4S-21005,6093.447932022718
IL2022F4S-21006,6842.726089242266
IL2022F4S-21007,6518.097994851231
IL2022F4S-21008,6491.867815334807
IL2022F4S-21009,5948.939568735068
IL2022F4S-2101,4808.996123114175
IL2022F4S-2102,5414.936037028233
IL2022F4S-2103,4772.036197212541
IL2022F4S-2104,5636.894152933847
IL2022F4S-2105,5286.990782167609
IL2022F4S-2106,5189.341009959936
IL2022F4S-21102,5103.217535774247
IL2022F4S-21103,5959.783987625629
IL2022F4S-21201,5645.681556619746
IL2022F4S-21202,4999.621412437699
IL2022F4S-21203,6025.791413371688
IL2022F4S-21204,5663.991561730835
IL2022F4S-21205,5386.012040421759
IL2022F4S-21206,5679.954124728651
IL2022F4S-21302,6415.79160695738
IL2022F4S-21303,5722.517873217475
IL2022F4S-21305,6126.0084395139675
IL2022F4S-2202,4625.018929626442
IL2022F4S-2401,4615.318166942901
IL2022F4S-2402,5337.235669883665
IL2022F4S-2501,4733.6083851540525
IL2022F4S-2504,5587.147880220713
IL2022F4S-2601,5297.429105210629
IL2022F4S-2704,5297.919592909228
IL2022F4S-2802,5436.585872814325
IL2022F4S-2902,5614.282818414841
IL2022F4S-3011,4523.561571705098
IL2022F4S-3012,5577.769483071011
IL2022F4S-3202,4864.14178701671
IL2022F4S-3204,4978.372461314792
IL2022F4S-3205,4848.548200398582
IL2022F4S-3206,5352.046241312012
IL2022F4S-3401,4960.166908827522
IL2022F4S-3503,4468.567378905507
IL2022F4S-3901,5430.410103711548
IL2022F4S-3903,5375.732846559408
IL2022F4S-3904,5130.200471461917
IL2022F4S-3905,4763.506162260405
IL2022F4S-3906,4815.965904116927
IL2022F4S-4202,4992.710676984245
IL2022F4S-4401,4081.268814198406
IL2022F4S-4402,4971.455839135915
IL2022F4S-4403,4683.564223296317
IL2022F4S-4502,4427.063785429674
IL2022F4S-4504,4752.236016344753
IL2022F4S-4505,4826.915735333147
IL2022F4S-4602,5422.320152214414
IL2022F4S-4604,5006.078950569776
IL2022F4S-4802,5381.222487887053
IL2022F4S-4902,4990.430339433883
IL2022F4S-4903,4767.923321595615
IL2022F4S-5003,5272.867124138154
IL2022F4S-501,6116.934242409892
IL2022F4S-503,6188.5945537932
IL2022F4S-5101,5058.113917568229
IL2022F4S-5102,5263.85540723552
IL2022F4S-5103,5409.682593317911
IL2022F4S-5104,5464.050332018526
IL2022F4S-5106,5435.842933355595
IL2022F4S-5201,5060.434474910553
IL2022F4S-5202,4757.750249876513
IL2022F4S-5204,4586.752123110064
IL2022F4S-5301,5784.971624099444
IL2022F4S-5302,6213.217901238771
IL2022F4S-5303,5533.99218541472
IL2022F4S-5403,4993.382619393495
IL2022F4S-5503,4957.073955435122
IL2022F4S-5601,5855.214285065758
IL2022F4S-5603,5775.765585784948
IL2022F4S-5604,6145.017119678518
IL2022F4S-5701,5426.919739927273
IL2022F4S-5702,5689.760705618998
IL2022F4S-5703,5154.566925484418
IL2022F4S-5801,5614.060944756606
IL2022F4S-6001,4871.714413372902
IL2022F4S-6003,4858.690269982792
IL2022F4S-6201,5168.826084123613
IL2022F4S-6301,6133.687012330812
IL2022F4S-6302,5843.682667294337
IL2022F4S-6303,5886.2152086449605
IL2022F4S-6401,5582.991208336258
IL2022F4S-6402,5057.9201523753945
IL2022F4S-6403,5954.9983340617355
IL2022F4S-6404,5833.911792587452
IL2022F4S-6501,5574.177917243292
IL2022F4S-6602,5492.526655073965
IL2022F4S-6604,5687.256355067598
IL2022F4S-6605,4992.07619288282
IL2022F4S-6701,5032.649096584049
IL2022F4S-6702,5602.734014208445
IL2022F4S-6703,4860.276833613089
IL2022F4S-6801,5714.927629443666
IL2022F4S-6802,5657.663681472252
IL2022F4S-6803,5673.237023889133
IL2022F4S-6805,6156.090139535201
IL2022F4S-6902,6142.643025048826
IL2022F4S-701,6166.57939129008
IL2022F4S-7401,5505.898354229153
IL2022F4S-7402,5310.044871308115
IL2022F4S-7602,4831.622416580016
IL2022F4S-8001,5377.318930511592
IL2022F4S-801,4431.298144080208
IL2022F4S-808,4609.314311667242
IL2022F4S-809,4970.105717068963
IL2022F4S-8103,4306.7483397634005
IL2022F4S-8201,5294.408418101009
IL2022F4S-8202,5335.707021216177
IL2022F4S-8203,5606.344013928044
IL2022F4S-8204,5277.478173395698
IL2022F4S-8301,4504.648879820668
IL2022F4S-8302,5349.87198110022
IL2022F4S-8401,5149.203907395228
IL2022F4S-8502,3980.282008019861
IL2022F4S-8503,4508.040429558354
IL2022F4S-8601,4655.835306607782
IL2022F4S-8701,5551.557388924508
IL2022F4S-8703,5966.570716438572
IL2022F4S-8803,5084.990244078247
IL2022F4S-8804,5682.149023976041
IL2022F4S-8806,4958.393133182975
IL2022F4S-8902,5268.933435054944
IL2022F4S-8904,5414.238295202278
IL2022F4S-902,5599.543443688841
IL2022F4S-904,5300.220902184087
IL2022F4S-905,5399.086212850017
IL2022F4S-906,5121.019838861815
IL2022F4S-9101,5315.954645235233
IL2022F4S-9102,5362.166419616407
IL2022F4S-9103,5548.081107213344
IL2022F4S-9105,5476.528362927534
IL2022F4S-9106,5396.469854060779
IL2022F4S-9301,4674.998978749131
IL2022F4S-9302,5156.475532219304
IL2022F4S-9303,5240.159089550092
IL2022F4S-9304,5142.433941646389
IL2022F4S-9306,5505.046662025794
IL2022F4S-9308,4801.773335769523
IL2022F4S-9309,5107.257143319992
IL2022F4S-9402,5130.545584829779
IL2022F4S-9403,5175.679818789862
IL2022F4S-9404,5354.889782294929
IL2022F4S-9406,5567.764864946041
IL2022F4S-9501,6217.015524946903
IL2022F4S-9502,5122.584621786521
IL2022F4S-9506,5705.1393161754795
IL2022F4S-9601,5168.69609054464
IL2022F4S-9603,5049.0678786112985
IL2022F4S-9604,4673.597883199241
IL2022F4S-9607,5126.771692435268
IL2022F4S-9701,4591.4022525580995
IL2022F4S-9705,5083.286961230654
IL2022F4S-9706,4978.87462066507
IL2022F4S-9801,4158.167170950877
IL2022F4S-9802,5207.007279921489
IL2022F4S-9806,4801.405778538246
IL2022F4S-9901,5124.822815336114
IL2022F4S-9902,4386.990916675199
IL2021-1058,6889.853959249187
IL2021-10769,6660.288557927184
IL2021-10820,6510.320627953664
IL2021-10963,7032.371306697551
IL2021-10969,7275.50820424964
IL2021-11020,6865.323469812229
IL2021-11039,6983.839575335526
IL2021-11107,6748.37881550572
IL2021-11217,6920.538926645914
IL2021-11225,6650.8711168117
IL2021-11252,6794.980689481458
IL2021-11322,6582.684398425459
IL2021-11374,6201.100842928322
IL2021-1141,5916.378365341942
IL2021-11441,7070.860689095866
IL2021-115,6475.304050279836
IL2021-11534,6455.146308833217
IL2021-1156,7067.220749332148
IL2021-11573,6409.459177405465
IL2021-11622,6342.80971507372
IL2021-1163,6300.261481840532
IL2021-11634,7269.20531208158
IL2021-11703,6018.743563715799
IL2021-11772,6443.079037149275
IL2021-11820,7086.914742361565
IL2021-11821,6688.099263418728
IL2021-11830,6410.910382193331
IL2021-11835,6282.370063319498
IL2021-11869,6551.697461227601
IL2021-11915,6425.055623104935
IL2021-11935,6573.328056564429
IL2021-11939,6910.4448325022495
IL2021-11962,6678.502810116788
IL2021-12314,6257.911191911907
IL2021-12322,6461.144673774504
IL2021-12341,6607.111315439512
IL2021-12361,6406.05614111332
IL2021-12459,7342.35090370039
IL2021-12548,6624.636055252893
IL2021-12550,6912.770345739935
IL2021-12636,6772.101114404295
IL2021-1274,5770.332977055618
IL2021-12915,6750.645061956731
IL2021-12925,6531.731383859028
IL2021-1302,6894.361199440865
IL2021-13321,7142.77961828365
IL2021-13345,7323.089040355156
IL2021-13561,6575.667571457385
IL2021-13577,6281.787330744448
IL2021-13605,6687.5767622990825
IL2021-13615,6635.207027857453
IL2021-13712,6852.511391417022
IL2021-13718,7013.738627039528
IL2021-13723,7230.935857577448
IL2021-13728,6862.611722140187
IL2021-13734,6943.581440851218
IL2021-13738,6605.744400354137
IL2021-13758,6227.726928156949
IL2021-13764,6947.122940182923
IL2021-13768,6444.405191603398
IL2021-138,6208.152659876433
IL2021-13805,6583.533263032912
IL2021-13844,7166.545017733971
IL2021-13851,7198.254751795711
IL2021-13877,6588.600209417064
IL2021-13951,6612.562377987429
IL2021-14041,7011.871124039043
IL2021-1405,6609.443314273198
IL2021-14230,6566.274637577236
IL2021-14267,6618.116237267157
IL2021-14278,7089.675214265291
IL2021-14320,7141.702951410463
IL2021-14337,6770.4973005346765
IL2021-1438,6611.565608225568
IL2021-1444,6919.580216146922
IL2021-14476,7223.930193669123
IL2021-14511,6574.6217240604565
IL2021-14513,7331.205438827603
IL2021-14556,7122.011764007579
IL2021-14567,7010.777363695378
IL2021-14624,7006.16442758941
IL2021-14669,7234.026458030046
IL2021-14673,7634.82086725808
IL2021-14676,6632.614746977504
IL2021-14713,6808.446022377187
IL2021-14741,6346.3636750825635
IL2021-14773,7047.245408736199
IL2021-14775,7101.196972755669
IL2021-14779,6862.909263095831
IL2021-14836,6763.575031198249
IL2021-14925,6626.8514232498865
IL2021-15029,6956.738873710454
IL2021-15047,6403.751751516306
IL2021-15050,6895.244350864263
IL2021-15070,7413.292769960986
IL2021-15104,7001.463924645483
IL2021-15117,7015.399781706246
IL2021-15138,6973.505219232101
IL2021-15149,7419.208286083729
IL2021-15152,7217.756707728316
IL2021-15175,7265.53790093913
IL2021-15179,7395.747628175276
IL2021-15201,6769.573361005024
IL2021-15207,6925.406776062905
IL2021-15210,7261.4887923426
IL2021-15215,6923.357385103831
IL2021-15219,7213.756937541892
IL2021-15245,7188.651975512279
IL2021-15258,7550.497058745903
IL2021-15263,6925.855650853442
IL2021-15432,6166.781539558049
IL2021-15454,6501.496805089216
IL2021-15576,6384.296887049747
IL2021-15706,6708.725361614023
IL2021-15710,6309.813489672897
IL2021-15714,5982.229432333365
IL2021-15729,6649.5130052383565
IL2021-15733,6751.155090092707
IL2021-15734,6541.343507966495
IL2021-15745,6727.389515767608
IL2021-15748,6470.90156077868
IL2021-15749,6663.661591763641
IL2021-15778,6986.871614091273
IL2021-15809,7242.582006683529
IL2021-15823,6274.399056253418
IL2021-15931,7085.823302637828
IL2021-15933,6676.977488950153
IL2021-15934,6196.152673878157
IL2021-15939,6687.154704098164
IL2021-15943,6884.843277145336
IL2021-15944,7074.932329522428
IL2021-15949,7139.687282044912
IL2021-15963,6451.94168174139
IL2021-15967,6162.756228472664
IL2021-15973,6759.599822894603
IL2021-16031,6876.405208917233
IL2021-16038,7027.5565731932365
IL2021-16041,7334.512254185448
IL2021-16043,7383.564684176642
IL2021-16120,6522.621688232819
IL2021-16151,6532.041357108381
IL2021-16170,6787.609730354967
IL2021-16212,6739.773892827932
IL2021-16226,7594.593520525896
IL2021-16270,7163.531178723993
IL2021-16272,7551.2822182802865
IL2021-16325,7130.987624732478
IL2021-16330,7162.488834405371
IL2021-16335,6869.1798078733445
IL2021-164,6305.065560115879
IL2021-16410,6667.2628098242185
IL2021-16419,7550.89393145043
IL2021-16421,7178.855852492951
IL2021-16443,6548.774135783134
IL2021-16457,7325.881478761629
IL2021-16459,7238.150188409497
IL2021-16465,7823.965792467902
IL2021-16509,7427.210717364886
IL2021-16544,6840.901146288228
IL2021-16567,6888.551247937711
IL2021-16576,7123.426328757864
IL2021-16620,7110.054082051122
IL2021-16642,6770.5156877758245
IL2021-16645,6884.503748350643
IL2021-16668,7398.841791996152
IL2021-16721,7380.292390687136
IL2021-16722,6932.461033869241
IL2021-16728,6889.523461173727
IL2021-16742,7430.304659863246
IL2021-16764,7425.301902318141
IL2021-16772,6957.723932985169
IL2021-16807,6933.63852213979
IL2021-16810,6891.613735225573
IL2021-16814,6367.988413997668
IL2021-17103,7423.971694926987
IL2021-17213,7410.434255807536
IL2021-17373,7140.254149596604
IL2021-17409,6530.178290418898
IL2021-17428,7089.898707888133
IL2021-17431,6954.132666038814
IL2021-17463,7121.348984373564
IL2021-1748,6778.70785801071
IL2021-1749,7000.2437511219105
IL2021-17506,7487.203206592575
IL2021-17568,6681.3538543443565
IL2021-17621,6613.510695616209
IL2021-1763,6751.834650509152
IL2021-17641,7127.911532954678
IL2021-1768,6756.768033842192
IL2021-17752,7624.248208386013
IL2021-1776,6737.807940681712
IL2021-17773,6658.082628505322
IL2021-1778,6961.895814903475
IL2021-17813,7481.167244206321
IL2021-17835,7152.358159290965
IL2021-17838,7618.140210286124
IL2021-17841,7255.367614082793
IL2021-17845,7346.902583310695
IL2021-17848,7147.83250862488
IL2021-17863,7231.246178039001
IL2021-17866,7343.901288046374
IL2021-17919,7007.296923268169
IL2021-17949,7431.197069223095
IL2021-17961,7437.032616293701
IL2021-1805,6690.543882744752
IL2021-18124,7069.90792760717
IL2021-18141,6678.013854852694
IL2021-1815,6777.721525534707
IL2021-18153,7249.202643364383
IL2021-18165,7292.633454722116
IL2021-18172,6797.019144372536
IL2021-1820,6431.8792777654935
IL2021-18220,6309.74331947066
IL2021-18225,7358.793670970327
IL2021-1824,6600.608098474509
IL2021-18265,7143.6602744437905
IL2021-1828,7364.562807264265
IL2021-18304,7133.624790746309
IL2021-18305,7438.610549811675
IL2021-18306,7147.192473478296
IL2021-18313,6754.1213111626485
IL2021-18320,7260.67214073612
IL2021-18365,7722.531722344878
IL2021-18374,6539.851604004567
IL2021-1839,6868.39651014585
IL2021-18405,7483.790304043307
IL2021-18425,7207.497941470099
IL2021-18435,7396.572729363048
IL2021-18468,7073.4474461843365
IL2021-18501,7923.640800909308
IL2021-18531,6817.484380425687
IL2021-18543,7016.573024957514
IL2021-18546,7076.40652654699
IL2021-18549,7401.681144819093
IL2021-18661,6482.514752782805
IL2021-18716,6415.76801730818
IL2021-18732,6520.2939613770095
IL2021-18738,6274.160075095984
IL2021-19166,6531.87914107126
IL2021-19215,7144.400040484594
IL2021-19221,7398.760869852429
IL2021-19241,6577.109778531396
IL2021-19253,7335.4365333287915
IL2021-19352,7031.984492238208
IL2021-1936,6822.472386651643
IL2021-1937,6825.710423661176
IL2021-19401,7056.998620151534
IL2021-19404,6755.503602519153
IL2021-19436,7458.287445183418
IL2021-19438,7190.791488600108
IL2021-19439,6981.328649589116
IL2021-19549,7245.598537760299
IL2021-1956,6192.102833382612
IL2021-19650,6552.825213075816
IL2021-19661,6877.63528629424
IL2021-19676,6672.464179786001
IL2021-19708,7558.681356596315
IL2021-19718,6692.167470175989
IL2021-19778,6676.958545572233
IL2021-19808,7153.871826207553
IL2021-20030,6044.365130142915
IL2021-20207,6820.441986064304
IL2021-20345,6940.404808198684
IL2021-2038,6191.054229129458
IL2021-20508,7386.709340550004
IL2021-20673,7479.068133061459
IL2021-20960,7202.528651902783
IL2021-21068,6613.582738435438
IL2021-21072,6928.473539641175
IL2021-21078,6384.9853963011055
IL2021-21123,7363.353138142355
IL2021-21127,6714.978581464044
IL2021-21218,6621.736333717962
IL2021-21241,5812.697266542516
IL2021-21356,7066.393292934292
IL2021-21416,6929.066018689344
IL2021-21471,7129.525057391692
IL2021-21479,6835.541470501934
IL2021-21560,6862.070601773674
IL2021-21606,6637.22513855503
IL2021-21630,6857.888785988593
IL2021-21635,6601.095666157466
IL2021-21655,6866.015639670303
IL2021-21665,7155.897671454873
IL2021-21674,7194.79485883898
IL2021-21708,6725.692927765942
IL2021-21718,6637.876733736176
IL2021-21732,7228.87942394084
IL2021-21733,6834.785893447748
IL2021-21769,6528.752112344968
IL2021-21815,6171.231010883145
IL2021-21969,7249.544924461567
IL2021-22056,6590.604256510174
IL2021-22137,6097.484701052896
IL2021-22152,6463.473362729365
IL2021-22262,6768.791049327581
IL2021-22350,7776.989214912632
IL2021-22358,7286.0296878322115
IL2021-22411,7373.042577358662
IL2021-2244,7154.891876243347
IL2021-22459,6686.223891834972
IL2021-22464,6708.8760704217375
IL2021-22474,7509.784140266485
IL2021-22478,6880.924135002689
IL2021-22564,6713.416578369032
IL2021-22578,7247.219166788988
IL2021-22621,7536.0759151850925
IL2021-22646,6964.11842543594
IL2021-2269,6540.559214978774
IL2021-22715,7110.910787764219
IL2021-22937,6840.860264683803
IL2021-23158,7266.401075712428
IL2021-23309,6694.5967818050285
IL2021-23332,7130.373866089258
IL2021-23464,7130.358893351242
IL2021-23566,6514.750207237065
IL2021-2364,6027.8912022926115
IL2021-23767,6746.0168447691485
IL2021-23771,5836.82047933642
IL2021-23826,7183.956066974448
IL2021-24110,6922.173543476025
IL2021-24114,5949.649775993343
IL2021-24255,6773.144562836428
IL2021-24320,6602.699233341578
IL2021-24324,6736.953179285492
IL2021-24328,6367.237564575286
IL2021-24365,7303.116595605785
IL2021-24426,6192.3833983214745
IL2021-24479,5739.324606951724
IL2021-24512,6389.665144367438
IL2021-24531,5878.1097641380175
IL2021-24578,6160.107068526908
IL2021-24617,7063.326910896705
IL2021-24655,6507.404228012126
IL2021-24802,6943.096279555533
IL2021-24847,6877.759724184441
IL2021-24872,7090.572511989727
IL2021-24918,6343.936907011664
IL2021-24937,6831.835799625107
IL2021-24956,6343.24980047552
IL2021-25121,6368.097583714316
IL2021-25152,6691.115521631459
IL2021-25157,7483.96830655557
IL2021-25226,7458.950332565473
IL2021-25229,7148.828903815602
IL2021-25334,7165.037262507485
IL2021-25339,7018.969916717354
IL2021-25344,7116.257835219645
IL2021-2535,6351.2567260462665
IL2021-25359,7326.200176782206
IL2021-25362,6818.32656957947
IL2021-25411,8263.131176003484
IL2021-25441,6140.888443060769
IL2021-25478,6716.865211144451
IL2021-25511,6874.438587356818
IL2021-25522,7019.583044423176
IL2021-25533,6931.072391000875
IL2021-2559,6096.560196529348
IL2021-25607,7238.118547594254
IL2021-25629,6958.328211330232
IL2021-25644,6524.085039857021
IL2021-25721,7035.561203503487
IL2021-25757,7069.921323825169
IL2021-25818,7857.769060053676
IL2021-25823,7000.825908157957
IL2021-25829,6774.419607119905
IL2021-25834,7642.377027389
IL2021-25858,7096.125513115135
IL2021-25879,7345.0218941570565
IL2021-25905,7195.326100462678
IL2021-25931,7038.706047369917
IL2021-25933,6982.457380473865
IL2021-25954,6847.022973905641
IL2021-25979,7286.593275822215
IL2021-26002,7630.807291304271
IL2021-26068,7426.510959209849
IL2021-26075,6823.67263816054
IL2021-26129,6810.237178464653
IL2021-26163,6829.507660215097
IL2021-26173,7076.0437848454585
IL2021-26214,6389.065800889648
IL2021-26235,6874.932243220832
IL2021-26252,7563.722906301021
IL2021-26255,6909.515507333981
IL2021-26260,6788.094576695997
IL2021-26262,6836.461267397075
IL2021-26263,6402.349803496983
IL2021-26266,7152.505542023864
IL2021-26271,7155.665638092456
IL2021-26274,6713.112476389823
IL2021-26275,7083.417329074011
IL2021-26279,7036.444177591878
IL2021-26303,6993.123725584328
IL2021-26308,6776.744333828632
IL2021-26309,6819.690753943266
IL2021-26311,7280.955740957742
IL2021-26316,6770.737481997179
IL2021-26323,7150.626086480924
IL2021-26330,7111.283856471665
IL2021-26357,7177.80497347072
IL2021-26535,6986.75179044619
IL2021-26561,7300.569744210198
IL2021-26620,6172.989605478944
IL2021-26632,6982.278945920592
IL2021-26639,6528.7872460707495
IL2021-26754,6718.10799979986
IL2021-26755,6768.898858197098
IL2021-26762,6538.051991023024
IL2021-26813,6626.392866207555
IL2021-26829,7008.561059192645
IL2021-26838,6455.928858274238
IL2021-26850,6695.651977912743
IL2021-26879,7107.40281202025
IL2021-26880,6939.934847352237
IL2021-269,6248.253980880661
IL2021-26916,6830.9429208803
IL2021-26929,6542.055830345539
IL2021-26949,6709.9868065823775
IL2021-27036,6969.125760595738
IL2021-27049,6446.384106871981
IL2021-27067,6198.879871611275
IL2021-27103,7037.980396374623
IL2021-27113,6766.618399547412
IL2021-27120,6273.561441225345
IL2021-27134,6234.691264445658
IL2021-27144,6321.439783331831
IL2021-27145,6089.72655477572
IL2021-27328,7125.105732566353
IL2021-27349,6631.347571116347
IL2021-27364,7198.946689881808
IL2021-27375,7131.780491934782
IL2021-27461,6611.919526471537
IL2021-27463,7084.012914010367
IL2021-27574,6344.240087232057
IL2021-27611,6480.968838677909
IL2021-27612,6820.3887070501705
IL2021-27626,6895.5464140231625
IL2021-27644,7084.022258393766
IL2021-27657,7275.810405570308
IL2021-27659,6938.536406307728
IL2021-27713,6929.740414445363
IL2021-27746,6671.406311716485
IL2021-27763,6557.632887667017
IL2021-27813,6588.080378532007
IL2021-27845,6421.114016511034
IL2021-27918,6375.044611813913
IL2021-27928,6699.184528362403
IL2021-27958,6667.553433208371
IL2021-27960,6500.564510849201
IL2021-28027,7023.448037673101
IL2021-28030,6693.611117889891
IL2021-28048,7236.32892850854
IL2021-28068,7286.275886202694
IL2021-28071,6598.304285755343
IL2021-28074,7142.058516006933
IL2021-28208,7115.516089102626
IL2021-28212,6929.0922660430415
IL2021-28249,6605.164270144566
IL2021-28309,6748.365583690999
IL2021-2835,6870.995213651662
IL2021-28373,6844.4178314938345
IL2021-28374,6208.896836798181
IL2021-28377,6819.220689021569
IL2021-28405,6669.860622603624
IL2021-28411,6973.8217639619015
IL2021-28413,6151.580374706589
IL2021-28432,6844.252182417944
IL2021-28471,7102.709345180554
IL2021-28478,6492.843545506248
IL2021-28510,7522.414790212039
IL2021-28535,7773.804273242862
IL2021-28549,6929.0327177763165
IL2021-28578,7154.584867002284
IL2021-28678,6826.715913712587
IL2021-2869,7306.223289037411
IL2021-28708,7073.30308593481
IL2021-28714,6990.4706650404305
IL2021-28768,7713.68290828781
IL2021-28770,6901.773450003175
IL2021-28804,7041.375622400659
IL2021-28811,7366.20367515961
IL2021-28826,7103.289288267938
IL2021-28923,7169.497739114933
IL2021-28930,7158.751773108495
IL2021-28970,6668.0351127899085
IL2021-28973,7108.846063662435
IL2021-29002,6628.815798025355
IL2021-29003,6666.311927646112
IL2021-29008,6613.107319647313
IL2021-29011,6983.710452080789
IL2021-29023,6802.849086222219
IL2021-29030,6835.50367762823
IL2021-2907,7581.088574921352
IL2021-29071,6991.455362669722
IL2021-29107,6628.042634540136
IL2021-29115,7082.802169746672
IL2021-29116,7172.712054367359
IL2021-29119,6777.924472064994
IL2021-29134,6914.970184907505
IL2021-29149,6771.006920446489
IL2021-2915,7121.301549234209
IL2021-29158,6851.356600097625
IL2021-2917,6798.535289146953
IL2021-29238,6662.699342049841
IL2021-29313,6455.257987307513
IL2021-29337,7272.835497531525
IL2021-29351,6727.447159291011
IL2021-29353,6617.264519268241
IL2021-29356,6571.206706269518
IL2021-29420,6364.860334725497
IL2021-29425,7286.571746964115
IL2021-29438,6819.974647244684
IL2021-2944,6792.460288304247
IL2021-29441,7061.484622470846
IL2021-29465,6981.15814499268
IL2021-29470,6658.842362303922
IL2021-2953,6526.806534135493
IL2021-29545,6910.623027088463
IL2021-29563,6927.272716794302
IL2021-29568,7052.117113617433
IL2021-29622,6985.7067117483075
IL2021-29623,6152.214533511445
IL2021-29630,7434.8434478177915
IL2021-29638,6763.39426785366
IL2021-29657,6410.141134239385
IL2021-29659,6718.383494995176
IL2021-29730,7040.649125125572
IL2021-29823,6381.5807953798985
IL2021-29842,7386.306718840258
IL2021-29865,6491.184057503447
IL2021-29957,7291.478537327886
IL2021-29977,6774.62510611783
IL2021-30022,6816.833329554267
IL2021-30029,6922.558018772852
IL2021-30079,6656.164186436578
IL2021-30163,7051.815203280314
IL2021-30170,6271.595150558481
IL2021-30179,6598.973976271992
IL2021-3018,6244.576151409542
IL2021-30208,7302.237308313134
IL2021-30255,7036.816368924635
IL2021-30265,7167.608917222262
IL2021-30274,6907.804765685103
IL2021-30331,6364.304552159904
IL2021-30369,6865.514191021035
IL2021-30406,6816.096121880411
IL2021-30449,7154.3462271527005
IL2021-30532,6687.245061561843
IL2021-30565,7118.749875615754
IL2021-30578,7105.393224057001
IL2021-30622,6766.197704551327
IL2021-30660,7435.5319483833755
IL2021-30867,6341.409224556406
IL2021-30869,6450.662276418716
IL2021-30921,7328.327181226
IL2021-31004,7064.777286938579
IL2021-31345,6270.882575693021
IL2021-31356,7730.117826333833
IL2021-31359,7108.3109138537675
IL2021-31401,6875.171759215721
IL2021-31405,6850.377793357353
IL2021-31425,7171.535109546578
IL2021-31429,7121.975474549215
IL2021-31432,6837.622872357511
IL2021-31531,6812.071202871837
IL2021-31541,7094.419343180476
IL2021-31547,6417.457473857535
IL2021-31560,7025.160476209492
IL2021-31563,6756.532867137955
IL2021-31572,6927.134597856219
IL2021-31613,6983.3246775554335
IL2021-31619,7224.196312657178
IL2021-31763,6225.391472323742
IL2021-3178,6805.052053910918
IL2021-31857,6636.959778794547
IL2021-31901,6670.234757194433
IL2021-32554,7392.68666804309
IL2021-32646,6696.983793382189
IL2021-3271,7063.471218045908
IL2021-32720,6610.369383722797
IL2021-32845,7054.671920179967
IL2021-32904,6743.881625299948
IL2021-32929,6597.5122493362
IL2021-32965,6836.824270978544
IL2021-32967,6976.153388639259
IL2021-32969,6822.110749887218
IL2021-33141,7263.776314127129
IL2021-33161,7392.593288597345
IL2021-33277,6911.733553983619
IL2021-33348,7471.555961015052
IL2021-33378,7152.885609086889
IL2021-33409,7299.24111292948
IL2021-33427,7286.379259921409
IL2021-33507,6683.136230935401
IL2021-33557,6963.998986013979
IL2021-33647,6263.893301389877
IL2021-33660,6089.411763125062
IL2021-33668,7467.867264233715
IL2021-33673,6975.2069024431075
IL2021-33677,7218.077642810791
IL2021-33678,7039.564245375357
IL2021-33712,7040.57050259808
IL2021-33722,7137.8503114397
IL2021-33847,6328.2063702272035
IL2021-33852,6978.770159996788
IL2021-33856,6933.4502031013
IL2021-33860,6390.132574373884
IL2021-33861,7093.640060549316
IL2021-33875,6023.553260377845
IL2021-33933,7078.354349069401
IL2021-33944,7047.259742678873
IL2021-33945,7505.028177881355
IL2021-33954,6650.625001425286
IL2021-34018,6975.489810337089
IL2021-3403,7073.384179122744
IL2021-3407,7093.208236174756
IL2021-34101,7382.785210620051
IL2021-34115,6701.221240633914
IL2021-34119,6811.450651297483
IL2021-34132,6467.617737082081
IL2021-34163,7557.497961626817
IL2021-34203,7590.85113045583
IL2021-34207,6685.848763564257
IL2021-34213,7039.829532208657
IL2021-34245,6919.958593976489
IL2021-34252,7343.770155917179
IL2021-34260,6542.835629184131
IL2021-34276,7308.728154449698
IL2021-3428,6288.85770804402
IL2021-34322,7487.804903799676
IL2021-34709,6586.213334186598
IL2021-34720,7062.031911819035
IL2021-34722,6209.839657276583
IL2021-34749,6518.129364613565
IL2021-34808,6397.020557779378
IL2021-34815,6807.039884810765
IL2021-34823,6473.0681463753335
IL2021-34833,6473.380768960358
IL2021-34837,6089.131416518731
IL2021-34910,6942.1768286355245
IL2021-34922,6903.18914284169
IL2021-35076,6902.70497759261
IL2021-35122,5916.570202749191
IL2021-3526,7070.084961230053
IL2021-3532,7102.109946842542
IL2021-35449,6384.350816499702
IL2021-35538,7234.8530272290045
IL2021-3558,6835.286566177065
IL2021-3563,6280.110932916784
IL2021-35645,6743.851145243334
IL2021-35649,6895.637203293301
IL2021-35660,7231.142937209729
IL2021-35661,6783.3142109690125
IL2021-35665,6591.670427640593
IL2021-3567,7136.443181058945
IL2021-35704,6804.699136744989
IL2021-35732,6619.14095703007
IL2021-35763,7206.775149876329
IL2021-35909,6655.306977326678
IL2021-3613,6766.499711848626
IL2021-36161,7130.001702049042
IL2021-36163,7277.415480992207
IL2021-36257,6889.872105696612
IL2021-36376,7500.494584404567
IL2021-36418,7120.027006308671
IL2021-36435,7344.710824781521
IL2021-36441,6951.89291369899
IL2021-36445,7212.7496649312525
IL2021-36466,7394.206954163981
IL2021-36469,7101.577255102751
IL2021-36549,6361.605762545585
IL2021-36570,6583.805127611922
IL2021-36613,6367.134000543584
IL2021-36630,7337.942008685555
IL2021-36632,7127.852445236064
IL2021-36639,7096.3404283344325
IL2021-36658,6807.749880608363
IL2021-36708,6646.235956661563
IL2021-36723,6984.145757691703
IL2021-36725,6795.064289635886
IL2021-36731,7268.0988981663495
IL2021-36742,6875.873834588487
IL2021-36747,7116.24346693847
IL2021-36748,7263.756799287398
IL2021-36756,7258.71601123939
IL2021-36811,7252.090007471033
IL2021-36866,7451.293262413263
IL2021-37047,6504.395894378803
IL2021-37116,6415.6658359549465
IL2021-37508,7352.240985835024
IL2021-37516,7617.778987947216
IL2021-37528,6698.778793862838
IL2021-37545,6482.6440269803325
IL2021-37674,7091.815440106058
IL2021-377,6607.898149967348
IL2021-37710,6757.856797093576
IL2021-3829,6576.531626432687
IL2021-38603,6515.892745635697
IL2021-38609,6705.5758526034915
IL2021-38661,7249.702035460699
IL2021-38662,7385.3749585734695
IL2021-38672,6855.578694102338
IL2021-38714,7118.886143659179
IL2021-38956,6133.255030294369
IL2021-38976,7104.4550761763785
IL2021-3902,7223.545011314034
IL2021-39058,6126.115597865754
IL2021-3906,7142.381372730639
IL2021-39143,7126.38481237212
IL2021-39238,7639.596904239666
IL2021-39253,7187.494151579228
IL2021-3927,6646.3539074738055
IL2021-39307,7013.73185444074
IL2021-39325,7258.25190554237
IL2021-39328,6700.515631426643
IL2021-39337,6871.62343195965
IL2021-39368,6464.102699203929
IL2021-39379,7258.596888642073
IL2021-3941,7286.161406055287
IL2021-39424,7481.069371996804
IL2021-39462,6847.987877624267
IL2021-39466,6389.158201709167
IL2021-39469,6970.40836756322
IL2021-39517,6821.602420974834
IL2021-39533,6686.339766947355
IL2021-39673,7477.566178855253
IL2021-3978,6399.414621972641
IL2021-39857,7182.239727660692
IL2021-39924,6190.876102055656
IL2021-39945,6405.804588512314
IL2021-39950,6128.662217302141
IL2021-39956,6599.451857434667
IL2021-39970,6412.197324043592
IL2021-40002,7202.811670183144
IL2021-40042,6800.169275137992
IL2021-4012,6593.573386296502
IL2021-40138,6569.145440722434
IL2021-40301,6914.714164803358
IL2021-40317,6796.054117922213
IL2021-40320,6969.075879554443
IL2021-4033,6186.041539060168
IL2021-40427,7079.549337274827
IL2021-4047,5971.137295236392
IL2021-4049,6310.311179604063
IL2021-40573,7098.689634882636
IL2021-40608,6974.373885843193
IL2021-40626,7290.3792621850525
IL2021-40635,7676.385842631256
IL2021-40638,7207.501618326044
IL2021-40641,7495.840553727743
IL2021-40648,7331.909640946357
IL2021-40661,6808.119156384254
IL2021-40662,6874.115581000557
IL2021-40667,7335.056594721405
IL2021-40711,6815.278582818725
IL2021-40733,6923.210785812032
IL2021-40751,7230.3200498538245
IL2021-40753,6780.393477337082
IL2021-40761,6807.768425682391
IL2021-40765,6860.67186235338
IL2021-40813,7232.611929370765
IL2021-40847,7011.31885214002
IL2021-40858,6668.866941497995
IL2021-40865,7007.677409630641
IL2021-40869,7381.802627254604
IL2021-40873,6669.095679430328
IL2021-40877,6952.749987159814
IL2021-40910,7063.242439332627
IL2021-40930,6990.086985985647
IL2021-40938,6134.919861721336
IL2021-40967,6832.543001156311
IL2021-41011,7033.214870601919
IL2021-41207,6696.901343494896
IL2021-41221,6923.859993627364
IL2021-41319,7218.866860982345
IL2021-41321,6292.934262117083
IL2021-41328,7596.376372745271
IL2021-41331,6924.800451585581
IL2021-41344,6594.054947207768
IL2021-41349,6005.953541846291
IL2021-41350,7025.510556097911
IL2021-41355,6950.864623818977
IL2021-41430,6737.524690617799
IL2021-41433,6259.433966345483
IL2021-41437,6528.822466597471
IL2021-41451,6740.001052653542
IL2021-41716,6975.893783127987
IL2021-41718,7266.755239055152
IL2021-41727,7303.562680886906
IL2021-41738,7175.526750357167
IL2021-41914,7452.88739178705
IL2021-41921,7381.069702690011
IL2021-41972,7386.171458532753
IL2021-41976,7451.448113584629
IL2021-42001,6933.37717170267
IL2021-42039,7180.838066627889
IL2021-42041,6882.637173966971
IL2021-42045,6948.103051155516
IL2021-42056,7221.760174493986
IL2021-42061,6817.933227407192
IL2021-42064,7547.330598789588
IL2021-42067,6888.070642257766
IL2021-42072,7227.794326236628
IL2021-42075,6343.152976285846
IL2021-42108,6289.552069783544
IL2021-42115,6833.015194698981
IL2021-42132,6766.0904115871845
IL2021-42149,6332.001830939026
IL2021-42227,6825.287370805419
IL2021-42343,6590.542837385592
IL2021-42346,6765.81591079887
IL2021-4235,6321.089587321209
IL2021-42360,6952.715749749238
IL2021-42453,7537.409391974871
IL2021-42522,7345.024371481203
IL2021-42618,7380.262302409139
IL2021-4279,6259.251746191444
IL2021-42959,7138.826620101464
IL2021-4310,6674.498185426325
IL2021-4312,6815.351582517662
IL2021-4314,6624.554691569469
IL2021-43172,6872.72559951974
IL2021-43177,7034.892303374366
IL2021-43205,7145.156956290791
IL2021-43225,7052.210987492083
IL2021-43231,6975.841717430242
IL2021-43253,6842.9737071853
IL2021-43257,7282.771778453987
IL2021-43305,6804.971719313273
IL2021-43313,7164.308000787213
IL2021-43316,6976.88101840071
IL2021-43324,6785.343388634706
IL2021-43330,6820.301642893514
IL2021-43334,7007.1535704982625
IL2021-43336,7088.069363499371
IL2021-43345,6991.067835395004
IL2021-43359,7019.169854889638
IL2021-43370,6926.039435056159
IL2021-43401,6463.878069733352
IL2021-43404,7182.562380279738
IL2021-43415,7518.68429424945
IL2021-43417,7046.870552616889
IL2021-43437,6931.775316902332
IL2021-43641,6166.5597615341
IL2021-43647,6961.236648010778
IL2021-43669,6863.357169127326
IL2021-43732,6944.886766653239
IL2021-43809,7293.226842849527
IL2021-43810,7672.851469688206
IL2021-43833,7027.83407349255
IL2021-43862,7278.856243701873
IL2021-43865,7031.329792133531
IL2021-43872,7659.005726495443
IL2021-43877,7271.475255452587
IL2021-43878,7226.614250420628
IL2021-43909,7123.572281690436
IL2021-43913,7373.784449235829
IL2021-43916,7376.794366746768
IL2021-43921,7470.658369247012
IL2021-43926,7570.411010345229
IL2021-43932,7221.1672307726785
IL2021-43938,7192.302481715282
IL2021-43941,6881.698175518161
IL2021-43945,6852.026287974799
IL2021-43956,7375.1747738626145
IL2021-43960,7174.598716637842
IL2021-43962,6795.792472718752
IL2021-43970,6782.928423121335
IL2021-43972,7229.524222398662
IL2021-43973,7107.550721751702
IL2021-44007,6848.158097927682
IL2021-44026,7054.330570764352
IL2021-44031,7007.486752672512
IL2021-44064,6926.549337359514
IL2021-44110,6777.939840500736
IL2021-44235,6476.317635716935
IL2021-44433,7374.311682049235
IL2021-44530,7082.13399731306
IL2021-44535,6842.373201526774
IL2021-44537,7074.613144633552
IL2021-44542,6251.700778658544
IL2021-44565,6892.82121777259
IL2021-44623,7207.766922839872
IL2021-44650,6638.520976419488
IL2021-44653,7255.385565086024
IL2021-44661,7460.9659197608435
IL2021-44705,6091.86881784687
IL2021-44721,6886.179870719388
IL2021-44872,6593.441364346712
IL2021-45112,6355.941717677402
IL2021-45117,6877.781435779105
IL2021-45172,7230.332492590969
IL2021-45221,6738.3584128780985
IL2021-45344,6142.562764844448
IL2021-45561,6966.707459975589
IL2021-45638,6757.753966965612
IL2021-45701,6981.486723697065
IL2021-45901,7496.152277862969
IL2021-45950,7089.3853697442355
IL2021-45951,8125.9055960587675
IL2021-45957,7516.171598437697
IL2021-45962,7203.9280095087515
IL2021-45972,7123.094023770194
IL2021-45979,7225.28589374627
IL2021-46002,7279.296312041769
IL2021-46009,6987.168372043693
IL2021-46013,6893.854069407156
IL2021-46024,7340.133581757536
IL2021-46033,7071.557149837359
IL2021-46035,7614.839037285453
IL2021-46051,6522.569243495263
IL2021-46057,7241.819375564646
IL2021-46132,7191.29323764411
IL2021-46233,7304.046530623379
IL2021-46237,7424.203462656979
IL2021-46242,7165.139085504873
IL2021-46245,6967.964853832817
IL2021-46249,6735.64621559651
IL2021-46411,6540.955266266584
IL2021-46428,6640.89746687819
IL2021-46526,6098.226971451717
IL2021-46530,5791.701771354598
IL2021-46550,6619.787348633373
IL2021-46563,6924.410379553806
IL2021-46626,7300.109231162204
IL2021-46629,7380.076708638218
IL2021-46634,6986.766846852401
IL2021-46635,6941.774769788637
IL2021-46641,7273.3966138718815
IL2021-46659,6979.439864822433
IL2021-46760,6920.581060695295
IL2021-46822,7532.088024253555
IL2021-46842,6639.370240470115
IL2021-46857,6357.43569840466
IL2021-46907,6976.631744093829
IL2021-46908,6583.543528333066
IL2021-46909,6946.87490087995
IL2021-47050,7342.0988919872325
IL2021-47071,7176.801431642049
IL2021-47108,7167.284397531416
IL2021-47112,6759.1815845751735
IL2021-47129,6980.426609231226
IL2021-47131,6305.24881614192
IL2021-47141,6644.384515809471
IL2021-47142,7223.215975106264
IL2021-47145,6764.071544969994
IL2021-47147,7049.593396680095
IL2021-47149,6810.235285453146
IL2021-4715,6353.713265255212
IL2021-47156,7111.14933556506
IL2021-47165,7075.117243460394
IL2021-47168,6565.586431311445
IL2021-47227,7838.349189356239
IL2021-4765,6092.348297294853
IL2021-4811,6974.982846967143
IL2021-4851,6483.006777078243
IL2021-4852,6696.963546969782
IL2021-4856,6442.2092417215135
IL2021-5009,6449.980865315183
IL2021-5021,6869.144424324837
IL2021-5047,6943.098944268951
IL2021-5101,6435.3563119089085
IL2021-5108,6745.71194937576
IL2021-5120,6905.5369371601855
IL2021-5364,6829.47686619443
IL2021-5367,6721.625652267719
IL2021-550,6755.09238308829
IL2021-5728,6768.772588958128
IL2021-5753,6990.864845565703
IL2021-5801,7022.446450478717
IL2021-5824,6977.147713105404
IL2021-5833,7297.781610948952
IL2021-5861,6883.702002933303
IL2021-6042,6787.476078928236
IL2021-6116,6245.315270669443
IL2021-6132,6927.141491142908
IL2021-6212,5695.808524120894
IL2021-6252,5941.847150716245
IL2021-6429,6686.880251393495
IL2021-6522,6723.129703888706
IL2021-6525,6833.985759277424
IL2021-6648,6941.847922246739
IL2021-6761,6546.540728696123
IL2021-6771,6788.09489458252
IL2021-6802,6886.343762079581
IL2021-6804,6744.088295106727
IL2021-6811,6860.052224425548
IL2021-6814,6864.436690810922
IL2021-6841,6224.414926398549
IL2021-6846,6804.788469491082
IL2021-6854,6647.634435892935
IL2021-6855,6809.785243417629
IL2021-6868,7022.6275919157415
IL2021-6924,6759.489606884787
IL2021-6925,7053.894073836351
IL2021-6937,6439.697191948997
IL2021-6964,6775.018038201403
IL2021-7009,6750.765843801301
IL2021-7015,6888.303316832618
IL2021-7017,6628.340310243841
IL2021-7037,6348.725746613921
IL2021-7223,6407.276885589338
IL2021-7231,6915.674412154397
IL2021-7259,6559.004272950093
IL2021-7261,6651.762021727128
IL2021-7473,6005.476406186266
IL2021-7544,6538.978624831016
IL2021-7549,6664.848245440115
IL2021-7550,6890.339396450002
IL2021-7562,6928.314443263647
IL2021-7568,7113.895414106794
IL2021-758,6919.822296866308
IL2021-7615,6448.5298262763345
IL2021-7627,6723.184214377504
IL2021-7630,6621.0576795485
IL2021-7637,6625.21780201885
IL2021-7837,6303.084795849205
IL2021-7948,6898.0995487513355
IL2021-7959,6471.471670890183
IL2021-8173,6987.491253895319
IL2021-8217,6470.311788365333
IL2021-8247,6591.054954587293
IL2021-8249,6448.941639094575
IL2021-8251,6758.7049858489845
IL2021-8258,6411.169670370524
IL2021-827,6626.098734121617
IL2021-8367,6156.142071795252
IL2021-8368,6321.43518076935
IL2021-8372,6740.385832575085
IL2021-8375,6093.811596506986
IL2021-8412,6726.881065009195
IL2021-8465,6606.7139648863595
IL2021-8468,6450.27692753212
IL2021-8477,6567.573605613159
IL2021-8718,6632.480228727027
IL2021-8729,6984.609217758013
IL2021-8733,6835.607657856416
IL2021-8739,6539.833904270063
IL2021-8747,6496.657996129275
IL2021-8749,7002.976301774477
IL2021-8752,6421.543197430793
IL2021-8804,6630.0564040541185
IL2021-8812,6379.377777997987
IL2021-9275,6017.8331121536285
IL2021-9317,6299.1853015283805
IL2021-9334,7079.9275055230955
IL2021-9345,6650.663607166998
IL2021-943,6449.608876557246
IL2021-9478,6723.566300859112
IL2021-9509,6772.076786164121
IL2021-9524,6655.837591334412
IL2021-9529,6867.836083745285
IL2021-953,7157.860077254588
IL2023-S10001,6833.3478217696165
IL2023-S10005,6258.16460543367
IL2023-S1002,6402.659901518009
IL2023-S1006,6259.444933695144
IL2023-S101,6212.952293296345
IL2023-S10105,5406.6155376501765
IL2023-S103,6157.678452638805
IL2023-S10301,5479.507457900882
IL2023-S10501,6461.493751716602
IL2023-S10502,6273.617593110684
IL2023-S10503,6110.81701295449
IL2023-S10707,6312.78316877736
IL2023-S10801,6017.767584184738
IL2023-S10804,5747.327616294875
IL2023-S10805,6368.863684128053
IL2023-S10901,5843.618668182721
IL2023-S10903,6633.185396623102
IL2023-S10905,6364.212858688246
IL2023-S10906,6903.384718526148
IL2023-S10907,6503.191598348066
IL2023-S11001,5573.013319502696
IL2023-S11002,5994.619983073088
IL2023-S11006,5215.8299618977235
IL2023-S11007,6179.321317404241
IL2023-S11008,5842.864574753852
IL2023-S1103,6347.247960373115
IL2023-S11101,6006.087642587128
IL2023-S11103,6408.651780847939
IL2023-S11105,5997.692667778819
IL2023-S11107,6313.223417521115
IL2023-S11109,5990.989859492044
IL2023-S11201,6047.2732970162615
IL2023-S11202,5873.895601832228
IL2023-S11204,6012.681852739605
IL2023-S11205,6048.770247327723
IL2023-S11207,5746.6478191246615
IL2023-S11208,5833.350953495103
IL2023-S11304,6835.619145684328
IL2023-S11306,6010.27701048053
IL2023-S11307,5967.5888984152425
IL2023-S11308,6112.37858362672
IL2023-S11401,5875.110987753256
IL2023-S11403,6080.370607321406
IL2023-S11405,5915.480534371916
IL2023-S11406,5714.947945668899
IL2023-S11408,5666.268666229689
IL2023-S11409,5367.171571289366
IL2023-S11501,6090.717437603477
IL2023-S11502,6048.678449865601
IL2023-S11503,5279.351301235896
IL2023-S11504,5392.017408027365
IL2023-S11505,5765.552727388811
IL2023-S11506,6183.58521393852
IL2023-S11507,5690.894254678843
IL2023-S11604,5373.959910733613
IL2023-S11605,5384.40544741465
IL2023-S11606,5397.271275435816
IL2023-S11701,5236.487059354564
IL2023-S11702,6435.151117982544
IL2023-S11704,5656.222335242498
IL2023-S11705,6169.302674626301
IL2023-S11706,5921.9330177935335
IL2023-S11801,6208.808197998994
IL2023-S11803,5858.881402459879
IL2023-S11805,5825.873453930299
IL2023-S11806,5873.471919277456
IL2023-S11808,5896.897921061302
IL2023-S11809,6676.446433188216
IL2023-S11810,5873.827781091961
IL2023-S11910,6210.823211256231
IL2023-S12007,5942.602325764701
IL2023-S12008,6146.7048246330705
IL2023-S1209,6304.41245899479
IL2023-S12203,5722.083860094569
IL2023-S12301,6337.684613625008
IL2023-S12306,6044.704910200987
IL2023-S12310,5793.355053619115
IL2023-S12401,6592.855714543572
IL2023-S12403,7130.0266606958085
IL2023-S12509,5688.668751926631
IL2023-S12605,6156.694293821641
IL2023-S12606,5686.895220140745
IL2023-S12608,6687.509821166891
IL2023-S12609,5733.05034146089
IL2023-S12901,6204.189648091438
IL2023-S12907,6307.48010885434
IL2023-S1301,5629.210745595175
IL2023-S1304,5990.921324445059
IL2023-S13101,6118.153307610174
IL2023-S13202,5156.827065383983
IL2023-S13309,5856.653192743187
IL2023-S13402,5457.063046856486
IL2023-S13406,5582.43602185864
IL2023-S13407,6418.596111458077
IL2023-S13503,6196.252562324074
IL2023-S13802,6731.174929674739
IL2023-S13804,7292.259716906879
IL2023-S1401,6173.894539870451
IL2023-S14205,6457.559017834736
IL2023-S14401,6832.915358282555
IL2023-S14408,6247.139339281594
IL2023-S14503,6737.514735951381
IL2023-S14504,6213.303123413147
IL2023-S14702,5585.547052709318
IL2023-S14801,6132.18046533364
IL2023-S14802,6430.335417599487
IL2023-S14807,6403.379198980893
IL2023-S15005,5983.30158300701
IL2023-S15009,5994.3556139359725
IL2023-S1502,6160.544581450808
IL2023-S15108,6894.517673987816
IL2023-S15109,5852.450793890292
IL2023-S15203,6001.627154884315
IL2023-S15602,6394.219470723461
IL2023-S15603,5497.6456398106075
IL2023-S15607,5705.874885339382
IL2023-S1601,6364.050803195189
IL2023-S1602,6290.266211378723
IL2023-S1603,6265.002413076705
IL2023-S1604,5373.4484833555625
IL2023-S1605,5925.079125490332
IL2023-S1607,6568.8158763718875
IL2023-S1608,5931.917901519431
IL2023-S16206,6157.3780510402385
IL2023-S16302,5908.4767836945475
IL2023-S16304,6401.50301809517
IL2023-S16306,5916.057202374597
IL2023-S16307,6173.567150879784
IL2023-S16804,6213.989028348024
IL2023-S16805,7378.359885772153
IL2023-S16807,6967.294703788552
IL2023-S16808,6517.118553554649
IL2023-S1701,6315.272058825337
IL2023-S1702,6045.560430455337
IL2023-S1708,5790.976427958547
IL2023-S1709,5613.889991841427
IL2023-S18307,6570.347809655936
IL2023-S208,6097.881620480979
IL2023-S209,5591.499096736862
IL2023-S2206,5187.934709986026
IL2023-S2302,6264.345338999318
IL2023-S2401,6378.717517719723
IL2023-S2404,5986.442481772446
IL2023-S2505,5662.965929688298
IL2023-S2604,5649.9939852807765
IL2023-S2607,5610.587861545139
IL2023-S2610,6317.8771188457595
IL2023-S3002,6095.738016935938
IL2023-S3003,6352.165783237162
IL2023-S3005,5500.315223531331
IL2023-S303,6269.48914184582
IL2023-S306,5386.336069791769
IL2023-S307,6180.300429175241
IL2023-S309,6416.357993862983
IL2023-S310,5965.979066064592
IL2023-S3304,5835.709588660054
IL2023-S3310,6728.361877815204
IL2023-S3402,5377.577215330363
IL2023-S3403,5468.536277902028
IL2023-S3404,5808.136439566639
IL2023-S3407,5710.474360240208
IL2023-S3504,6745.027345798941
IL2023-S3505,6455.123821718359
IL2023-S3510,5815.4541196487035
IL2023-S3613,6225.82439476217
IL2023-S4004,6357.242992481478
IL2023-S406,5946.262028639995
IL2023-S4102,6728.722778599845
IL2023-S4104,6813.731762536035
IL2023-S4111,6645.13555394951
IL2023-S4113,6208.351777396482
IL2023-S4202,6652.2223729708185
IL2023-S4203,6867.8882656884325
IL2023-S4302,6210.924344830351
IL2023-S4303,5944.473503961499
IL2023-S4304,5770.276004993012
IL2023-S4401,6939.397422410263
IL2023-S4402,6536.735062957287
IL2023-S4404,6315.011114694615
IL2023-S4405,5579.99668511531
IL2023-S4408,6459.669615883614
IL2023-S4411,6218.014236820897
IL2023-S4507,5921.622195773072
IL2023-S4508,5486.0924619888465
IL2023-S4804,6027.852900472972
IL2023-S502,6156.733736818992
IL2023-S5201,6702.91660788526
IL2023-S5203,5652.763845132803
IL2023-S5303,6197.883921182094
IL2023-S5305,6196.547922467799
IL2023-S5402,5935.554631332816
IL2023-S5404,5228.517040305269
IL2023-S5506,7112.382931773205
IL2023-S5603,5429.538104954125
IL2023-S5703,6342.964392227381
IL2023-S5706,5903.99784319547
IL2023-S5801,5413.747088247072
IL2023-S5806,5288.722271247665
IL2023-S5907,5981.221997280369
IL2023-S5909,5897.53779981453
IL2023-S5910,5829.980948148457
IL2023-S6006,6364.119002456447
IL2023-S6009,6699.1637539477415
IL2023-S602,6509.955532729403
IL2023-S6102,6634.596003494844
IL2023-S6104,6640.051149398467
IL2023-S6107,7118.307673474899
IL2023-S6210,6416.956182514817
IL2023-S6211,5934.978461644687
IL2023-S6301,5799.367603711314
IL2023-S6303,5002.694785216756
IL2023-S6403,5682.062012133833
IL2023-S6604,6694.331502038424
IL2023-S6608,6218.501991553361
IL2023-S6701,5845.33736586371
IL2023-S6710,6410.070350246927
IL2023-S6805,6784.946864413646
IL2023-S6806,5821.835838531612
IL2023-S6808,6647.23494617681
IL2023-S6905,6093.726119904649
IL2023-S6907,5801.625170818186
IL2023-S702,5666.690853119037
IL2023-S703,6093.9884279647085
IL2023-S7303,6830.97096260088
IL2023-S7304,6166.887271015037
IL2023-S7305,6692.439467041299
IL2023-S7309,6483.661299904087
IL2023-S7310,5670.911556157629
IL2023-S7401,6315.249469270882
IL2023-S7404,6106.865499303872
IL2023-S7502,6546.325270175356
IL2023-S7804,6315.962838368885
IL2023-S7902,5662.093875253464
IL2023-S8102,6663.058889442708
IL2023-S8106,6402.804591761525
IL2023-S8107,6765.092015921706
IL2023-S8111,6200.473752929666
IL2023-S8204,6513.816580583753
IL2023-S8404,6087.467659190762
IL2023-S8508,6309.515156935188
IL2023-S8604,6670.366654293556
IL2023-S8701,5455.424656130231
IL2023-S8806,6460.875508827154
IL2023-S9006,6410.741018829958
IL2023-S902,6276.612652333193
IL2023-S910,6902.498173523968
IL2023-S913,6205.438856276225
IL2023-S9201,5838.981223465385
IL2023-S9204,5901.364948990405
IL2023-S9301,5796.509156912764
IL2023-S9302,6400.821497324127
IL2023-S9303,6106.319681822001
IL2023-S9304,6415.900621130672
IL2023-S9305,6229.232039132837
IL2023-S9401,5992.53907952759
IL2023-S9502,6414.021389254277
IL2023-S9602,5902.0328020772095
IL2023-S9608,6165.385380283582
IL2023-S9803,5908.612105805325
IL2023-S9804,6563.119517170377
KASKASKIA,6137.5518250168525
OH13-88-61,5023.365142376913
OH15-191-52,5730.670816118083
Pio 25R74,6713.479198810541
US16-IL-061-029,5571.346536757199
US16-IL-061-032,6253.930338273476
US16-IL-061-046,5646.019309638247
US16-IL-061-068,5610.438099811933
US16-IL-061-074,6228.438901289841
US16-IL-061-075,5712.0345442776725
US16-IL-061-077,5803.581003907646
US16-IL-061-100,6215.760787965082
US16-IL-061-102,6094.19591931067
US16-IL-061-132,5498.344463408493
US16-IL-061-158,6186.577266046014
US16-IL-061-162,6029.310146082202
US16-IL-061-179,6174.15591477399
US16-IL-062-031,5902.590029385329
US16-IL-062-068,6541.2451816787525
US16-IL-062-109,6190.726961090581
US16-IL-063-008,5941.0264286984175
US16-IL-063-026,5769.166619570218
US16-IL-063-030,5487.7771438777
US16-IL-063-063,6296.262819799827
US16-IL-063-154,5647.003358178143
US16-IL-063-177,5501.985877671478
US16-IL-063-234,5703.3896320049
US16-IL-064-029,5504.813544588701
US16-IL-064-065,5893.950157602777
US16-IL-064-095,6232.5606595204545
US16-IL-064-160,5750.833543596505
US16-IL-064-168,6291.671046612383
US16-IL-064-230,5391.238044856868
US16-IL-064-235,6210.913425773558
US16-IL-064-248,5965.320059838925
US16-IL-065-010,5507.242365228259
US16-IL-065-030,5392.9150389159695
US16-IL-065-037,5657.227226371531
US16-IL-065-111,5371.539240234357
US17-IL-108-002,6370.51479579567
US17-IL-108-003,5594.169549600702
US17-IL-108-005,5882.13598193615
US17-IL-108-011,6263.443521921598
US17-IL-108-020,6202.0927379338655
US17-IL-108-035,6364.419461697225
US17-IL-108-039,6240.44962438144
US17-IL-108-047,6045.471784607227
US17-IL-108-050,6450.907219097865
US17-IL-108-059,6438.79486150022
US17-IL-108-065,6481.7852607979185
US17-IL-108-068,6567.992135144395
US17-IL-108-070,6359.317353462762
US17-IL-109-046,6487.85012763492
US17-IL-109-056,6027.77295361065
US17-IL-110-041,6400.770887982251
US17-IL-110-059,5871.367669714149
US17-IL-111-002,6066.3976621373695
US17-IL-111-005,5615.124864298273
US17-IL-111-006,5789.204176527124
US17-IL-111-007,5755.918519944675
US17-IL-111-008,5819.4411784767935
US17-IL-111-012,5660.572496778419
US17-IL-111-013,5757.868251745003
US17-IL-111-015,6024.744856662774
US17-IL-111-019,6321.850585430165
US17-IL-111-024,6468.412587255195
US17-IL-111-025,5788.492319933924
US17-IL-111-028,5586.396635058058
US17-IL-111-031,5762.894893211558
US17-IL-111-042,6014.409023833738
US17-IL-111-049,6229.348967630935
US17-IL-112-002,5875.273830195404
US17-IL-112-013,5036.088213559837
US17-IL-112-029,6031.207311782518
US17-IL-112-035,5546.608978456761
